2026-06-05 19:49:44,943 [main] INFO com.javalord.vertx_stock_broker.broker.MainVerticle - Info...
2026-06-05 19:49:45,479 [vert.x-eventloop-thread-7] INFO com.javalord.vertx_stock_broker.broker.MainVerticle - HTTP server started on port 8888
2026-06-05 19:49:45,479 [vert.x-eventloop-thread-2] INFO com.javalord.vertx_stock_broker.broker.MainVerticle - HTTP server started on port 8888
2026-06-05 19:49:45,479 [vert.x-eventloop-thread-4] INFO com.javalord.vertx_stock_broker.broker.MainVerticle - HTTP server started on port 8888
2026-06-05 19:49:45,479 [vert.x-eventloop-thread-3] INFO com.javalord.vertx_stock_broker.broker.MainVerticle - HTTP server started on port 8888
2026-06-05 19:49:45,480 [vert.x-eventloop-thread-6] INFO com.javalord.vertx_stock_broker.broker.MainVerticle - HTTP server started on port 8888
2026-06-05 19:49:45,479 [vert.x-eventloop-thread-8] INFO com.javalord.vertx_stock_broker.broker.MainVerticle - HTTP server started on port 8888
2026-06-05 19:49:45,479 [vert.x-eventloop-thread-5] INFO com.javalord.vertx_stock_broker.broker.MainVerticle - HTTP server started on port 8888
2026-06-05 19:49:45,479 [vert.x-eventloop-thread-1] INFO com.javalord.vertx_stock_broker.broker.MainVerticle - HTTP server started on port 8888
2026-06-05 19:49:45,481 [vert.x-eventloop-thread-0] INFO com.javalord.vertx_stock_broker.broker.MainVerticle - Deployed RestApiVerticle with id 2
2026-06-05 19:49:45,481 [vert.x-eventloop-thread-9] INFO com.javalord.vertx_stock_broker.broker.MainVerticle - Deployed MainVerticle with id 1
2026-06-05 22:08:23,840 [main] INFO com.javalord.vertx_stock_broker.broker.MainVerticle - Info...
2026-06-05 22:08:24,062 [main] WARN io.netty.resolver.dns.DefaultDnsServerAddressStreamProvider - Default DNS servers: [/[2001:4860:4860:0:0:0:0:8888]:53, /[2001:4860:4860:0:0:0:0:8844]:53] (Google Public DNS as a fallback)
2026-06-05 22:08:24,285 [vert.x-eventloop-thread-4] INFO com.javalord.vertx_stock_broker.broker.MainVerticle - HTTP server started on port 8888
2026-06-05 22:08:24,286 [vert.x-eventloop-thread-1] INFO com.javalord.vertx_stock_broker.broker.MainVerticle - HTTP server started on port 8888
2026-06-05 22:08:24,286 [vert.x-eventloop-thread-2] INFO com.javalord.vertx_stock_broker.broker.MainVerticle - HTTP server started on port 8888
2026-06-05 22:08:24,286 [vert.x-eventloop-thread-3] INFO com.javalord.vertx_stock_broker.broker.MainVerticle - HTTP server started on port 8888
2026-06-05 22:08:24,286 [vert.x-eventloop-thread-0] INFO com.javalord.vertx_stock_broker.broker.MainVerticle - Deployed RestApiVerticle with id 2
2026-06-05 22:08:24,288 [vert.x-eventloop-thread-5] INFO com.javalord.vertx_stock_broker.broker.MainVerticle - Deployed MainVerticle with id 1
2026-06-05 22:27:49,264 [main] INFO com.javalord.vertx_stock_broker.broker.MainVerticle - Info...
2026-06-05 22:27:49,476 [main] WARN io.netty.resolver.dns.DefaultDnsServerAddressStreamProvider - Default DNS servers: [/[2001:4860:4860:0:0:0:0:8888]:53, /[2001:4860:4860:0:0:0:0:8844]:53] (Google Public DNS as a fallback)
2026-06-05 22:27:49,676 [vert.x-eventloop-thread-2] INFO com.javalord.vertx_stock_broker.broker.MainVerticle - HTTP server started on port 8888
2026-06-05 22:27:49,677 [vert.x-eventloop-thread-1] INFO com.javalord.vertx_stock_broker.broker.MainVerticle - HTTP server started on port 8888
2026-06-05 22:27:49,677 [vert.x-eventloop-thread-3] INFO com.javalord.vertx_stock_broker.broker.MainVerticle - HTTP server started on port 8888
2026-06-05 22:27:49,677 [vert.x-eventloop-thread-4] INFO com.javalord.vertx_stock_broker.broker.MainVerticle - HTTP server started on port 8888
2026-06-05 22:27:49,677 [vert.x-eventloop-thread-0] INFO com.javalord.vertx_stock_broker.broker.MainVerticle - Deployed RestApiVerticle with id 2
2026-06-05 22:27:49,678 [vert.x-eventloop-thread-5] INFO com.javalord.vertx_stock_broker.broker.MainVerticle - Deployed MainVerticle with id 1
2026-06-05 22:28:20,383 [vert.x-eventloop-thread-1] INFO com.javalord.vertx_stock_broker.broker.watchlist.PutWatchListHandler - /account/watchlist/6a207b88-9b68-83ea-9829-cd7f36639c95 for account 6a207b88-9b68-83ea-9829-cd7f36639c95
2026-06-05 22:28:22,374 [vert.x-eventloop-thread-1] INFO com.javalord.vertx_stock_broker.broker.watchlist.PutWatchListHandler - /account/watchlist/6a207b88-9b68-83ea-9829-cd7f36639c95 for account 6a207b88-9b68-83ea-9829-cd7f36639c95
2026-06-05 22:28:22,976 [vert.x-eventloop-thread-1] INFO com.javalord.vertx_stock_broker.broker.watchlist.PutWatchListHandler - /account/watchlist/6a207b88-9b68-83ea-9829-cd7f36639c95 for account 6a207b88-9b68-83ea-9829-cd7f36639c95
2026-06-05 22:28:24,034 [vert.x-eventloop-thread-1] INFO com.javalord.vertx_stock_broker.broker.watchlist.PutWatchListHandler - /account/watchlist/6a207b88-9b68-83ea-9829-cd7f36639c95 for account 6a207b88-9b68-83ea-9829-cd7f36639c95
2026-06-05 22:28:24,531 [vert.x-eventloop-thread-1] INFO com.javalord.vertx_stock_broker.broker.watchlist.PutWatchListHandler - /account/watchlist/6a207b88-9b68-83ea-9829-cd7f36639c95 for account 6a207b88-9b68-83ea-9829-cd7f36639c95
2026-06-05 22:28:25,604 [vert.x-eventloop-thread-1] INFO com.javalord.vertx_stock_broker.broker.watchlist.PutWatchListHandler - /account/watchlist/6a207b88-9b68-83ea-9829-cd7f36639c95 for account 6a207b88-9b68-83ea-9829-cd7f36639c95
2026-06-05 22:28:26,169 [vert.x-eventloop-thread-1] INFO com.javalord.vertx_stock_broker.broker.watchlist.PutWatchListHandler - /account/watchlist/6a207b88-9b68-83ea-9829-cd7f36639c95 for account 6a207b88-9b68-83ea-9829-cd7f36639c95
2026-06-05 22:28:26,826 [vert.x-eventloop-thread-1] INFO com.javalord.vertx_stock_broker.broker.watchlist.PutWatchListHandler - /account/watchlist/6a207b88-9b68-83ea-9829-cd7f36639c95 for account 6a207b88-9b68-83ea-9829-cd7f36639c95
2026-06-05 22:28:27,303 [vert.x-eventloop-thread-1] INFO com.javalord.vertx_stock_broker.broker.watchlist.PutWatchListHandler - /account/watchlist/6a207b88-9b68-83ea-9829-cd7f36639c95 for account 6a207b88-9b68-83ea-9829-cd7f36639c95
2026-06-05 22:28:27,828 [vert.x-eventloop-thread-1] INFO com.javalord.vertx_stock_broker.broker.watchlist.PutWatchListHandler - /account/watchlist/6a207b88-9b68-83ea-9829-cd7f36639c95 for account 6a207b88-9b68-83ea-9829-cd7f36639c95
2026-06-05 22:28:48,402 [vert.x-eventloop-thread-1] INFO com.javalord.vertx_stock_broker.broker.watchlist.PutWatchListHandler - /account/watchlist/6a207b88-9b68-83ea-9829-cd7f36639c95 for account 6a207b88-9b68-83ea-9829-cd7f36639c95
2026-06-05 22:28:49,595 [vert.x-eventloop-thread-1] INFO com.javalord.vertx_stock_broker.broker.watchlist.PutWatchListHandler - /account/watchlist/6a207b88-9b68-83ea-9829-cd7f36639c95 for account 6a207b88-9b68-83ea-9829-cd7f36639c95
2026-06-05 22:28:50,513 [vert.x-eventloop-thread-1] INFO com.javalord.vertx_stock_broker.broker.watchlist.PutWatchListHandler - /account/watchlist/6a207b88-9b68-83ea-9829-cd7f36639c95 for account 6a207b88-9b68-83ea-9829-cd7f36639c95
2026-06-05 22:28:51,172 [vert.x-eventloop-thread-1] INFO com.javalord.vertx_stock_broker.broker.watchlist.PutWatchListHandler - /account/watchlist/6a207b88-9b68-83ea-9829-cd7f36639c95 for account 6a207b88-9b68-83ea-9829-cd7f36639c95
2026-06-05 22:28:51,854 [vert.x-eventloop-thread-1] INFO com.javalord.vertx_stock_broker.broker.watchlist.PutWatchListHandler - /account/watchlist/6a207b88-9b68-83ea-9829-cd7f36639c95 for account 6a207b88-9b68-83ea-9829-cd7f36639c95
2026-06-05 22:28:52,538 [vert.x-eventloop-thread-1] INFO com.javalord.vertx_stock_broker.broker.watchlist.PutWatchListHandler - /account/watchlist/6a207b88-9b68-83ea-9829-cd7f36639c95 for account 6a207b88-9b68-83ea-9829-cd7f36639c95
2026-06-05 22:28:53,416 [vert.x-eventloop-thread-1] INFO com.javalord.vertx_stock_broker.broker.watchlist.PutWatchListHandler - /account/watchlist/6a207b88-9b68-83ea-9829-cd7f36639c95 for account 6a207b88-9b68-83ea-9829-cd7f36639c95
2026-06-05 22:28:54,230 [vert.x-eventloop-thread-1] INFO com.javalord.vertx_stock_broker.broker.watchlist.PutWatchListHandler - /account/watchlist/6a207b88-9b68-83ea-9829-cd7f36639c95 for account 6a207b88-9b68-83ea-9829-cd7f36639c95
2026-06-05 22:28:54,981 [vert.x-eventloop-thread-1] INFO com.javalord.vertx_stock_broker.broker.watchlist.PutWatchListHandler - /account/watchlist/6a207b88-9b68-83ea-9829-cd7f36639c95 for account 6a207b88-9b68-83ea-9829-cd7f36639c95
2026-06-05 22:34:00,687 [vert.x-eventloop-thread-3] INFO com.javalord.vertx_stock_broker.broker.watchlist.PutWatchListHandler - /account/watchlist/6a207b88-9b68-83ea-9829-cd7f36639c95 for account 6a207b88-9b68-83ea-9829-cd7f36639c95
2026-06-05 22:34:01,768 [vert.x-eventloop-thread-3] INFO com.javalord.vertx_stock_broker.broker.watchlist.PutWatchListHandler - /account/watchlist/6a207b88-9b68-83ea-9829-cd7f36639c95 for account 6a207b88-9b68-83ea-9829-cd7f36639c95
2026-06-05 22:34:03,830 [vert.x-eventloop-thread-3] INFO com.javalord.vertx_stock_broker.broker.watchlist.PutWatchListHandler - /account/watchlist/6a207b88-9b68-83ea-9829-cd7f36639c95 for account 6a207b88-9b68-83ea-9829-cd7f36639c95
2026-06-05 22:34:04,823 [vert.x-eventloop-thread-3] INFO com.javalord.vertx_stock_broker.broker.watchlist.PutWatchListHandler - /account/watchlist/6a207b88-9b68-83ea-9829-cd7f36639c95 for account 6a207b88-9b68-83ea-9829-cd7f36639c95
2026-06-05 22:34:23,014 [vert.x-eventloop-thread-3] INFO com.javalord.vertx_stock_broker.broker.watchlist.PutWatchListHandler - /account/watchlist/6a207b88-9b68-83ea-9829-cd7f36639c95 for account 6a207b88-9b68-83ea-9829-cd7f36639c95
2026-06-05 22:34:23,566 [vert.x-eventloop-thread-3] INFO com.javalord.vertx_stock_broker.broker.watchlist.PutWatchListHandler - /account/watchlist/6a207b88-9b68-83ea-9829-cd7f36639c95 for account 6a207b88-9b68-83ea-9829-cd7f36639c95
2026-06-05 22:34:24,040 [vert.x-eventloop-thread-3] INFO com.javalord.vertx_stock_broker.broker.watchlist.PutWatchListHandler - /account/watchlist/6a207b88-9b68-83ea-9829-cd7f36639c95 for account 6a207b88-9b68-83ea-9829-cd7f36639c95
2026-06-05 22:34:31,417 [vert.x-eventloop-thread-3] INFO com.javalord.vertx_stock_broker.broker.watchlist.PutWatchListHandler - /account/watchlist/6a207b88-9b68-83ea-9829-cd7f36639c95 for account 6a207b88-9b68-83ea-9829-cd7f36639c95
2026-06-05 22:34:32,476 [vert.x-eventloop-thread-3] INFO com.javalord.vertx_stock_broker.broker.watchlist.PutWatchListHandler - /account/watchlist/6a207b88-9b68-83ea-9829-cd7f36639c95 for account 6a207b88-9b68-83ea-9829-cd7f36639c95
2026-06-05 22:34:33,333 [vert.x-eventloop-thread-3] INFO com.javalord.vertx_stock_broker.broker.watchlist.PutWatchListHandler - /account/watchlist/6a207b88-9b68-83ea-9829-cd7f36639c95 for account 6a207b88-9b68-83ea-9829-cd7f36639c95
2026-06-05 22:34:33,920 [vert.x-eventloop-thread-3] INFO com.javalord.vertx_stock_broker.broker.watchlist.PutWatchListHandler - /account/watchlist/6a207b88-9b68-83ea-9829-cd7f36639c95 for account 6a207b88-9b68-83ea-9829-cd7f36639c95
2026-06-05 22:34:34,833 [vert.x-eventloop-thread-3] INFO com.javalord.vertx_stock_broker.broker.watchlist.PutWatchListHandler - /account/watchlist/6a207b88-9b68-83ea-9829-cd7f36639c95 for account 6a207b88-9b68-83ea-9829-cd7f36639c95
2026-06-05 22:34:35,419 [vert.x-eventloop-thread-3] INFO com.javalord.vertx_stock_broker.broker.watchlist.PutWatchListHandler - /account/watchlist/6a207b88-9b68-83ea-9829-cd7f36639c95 for account 6a207b88-9b68-83ea-9829-cd7f36639c95
2026-06-05 22:34:36,878 [vert.x-eventloop-thread-3] INFO com.javalord.vertx_stock_broker.broker.watchlist.PutWatchListHandler - /account/watchlist/6a207b88-9b68-83ea-9829-cd7f36639c95 for account 6a207b88-9b68-83ea-9829-cd7f36639c95
2026-06-05 22:34:37,824 [vert.x-eventloop-thread-3] INFO com.javalord.vertx_stock_broker.broker.watchlist.PutWatchListHandler - /account/watchlist/6a207b88-9b68-83ea-9829-cd7f36639c95 for account 6a207b88-9b68-83ea-9829-cd7f36639c95
2026-06-05 22:34:38,619 [vert.x-eventloop-thread-3] INFO com.javalord.vertx_stock_broker.broker.watchlist.PutWatchListHandler - /account/watchlist/6a207b88-9b68-83ea-9829-cd7f36639c95 for account 6a207b88-9b68-83ea-9829-cd7f36639c95
2026-06-05 22:34:39,513 [vert.x-eventloop-thread-3] INFO com.javalord.vertx_stock_broker.broker.watchlist.PutWatchListHandler - /account/watchlist/6a207b88-9b68-83ea-9829-cd7f36639c95 for account 6a207b88-9b68-83ea-9829-cd7f36639c95
2026-06-05 22:46:48,618 [main] INFO com.javalord.vertx_stock_broker.broker.MainVerticle - Info...
2026-06-05 22:46:49,079 [vert.x-eventloop-thread-4] INFO com.javalord.vertx_stock_broker.broker.MainVerticle - HTTP server started on port 8888
2026-06-05 22:46:49,079 [vert.x-eventloop-thread-1] INFO com.javalord.vertx_stock_broker.broker.MainVerticle - HTTP server started on port 8888
2026-06-05 22:46:49,079 [vert.x-eventloop-thread-2] INFO com.javalord.vertx_stock_broker.broker.MainVerticle - HTTP server started on port 8888
2026-06-05 22:46:49,079 [vert.x-eventloop-thread-3] INFO com.javalord.vertx_stock_broker.broker.MainVerticle - HTTP server started on port 8888
2026-06-05 22:46:49,080 [vert.x-eventloop-thread-0] INFO com.javalord.vertx_stock_broker.broker.MainVerticle - Deployed RestApiVerticle with id 2
2026-06-05 22:46:49,080 [vert.x-eventloop-thread-5] INFO com.javalord.vertx_stock_broker.broker.MainVerticle - Deployed MainVerticle with id 1
2026-06-05 22:50:58,113 [vert.x-eventloop-thread-3] INFO com.javalord.vertx_stock_broker.broker.assets.AssetsRestApi - Path /assets responds with [{"name":"AAPL"},{"name":"AMZN"},{"name":"FB"},{"name":"GOOG"},{"name":"MSFT"},{"name":"TSLA"},{"name":"NFLX"}]
2026-06-05 22:50:58,113 [vert.x-eventloop-thread-2] INFO com.javalord.vertx_stock_broker.broker.assets.AssetsRestApi - Path /assets responds with [{"name":"AAPL"},{"name":"AMZN"},{"name":"FB"},{"name":"GOOG"},{"name":"MSFT"},{"name":"TSLA"},{"name":"NFLX"}]
2026-06-05 22:50:58,113 [vert.x-eventloop-thread-1] INFO com.javalord.vertx_stock_broker.broker.assets.AssetsRestApi - Path /assets responds with [{"name":"AAPL"},{"name":"AMZN"},{"name":"FB"},{"name":"GOOG"},{"name":"MSFT"},{"name":"TSLA"},{"name":"NFLX"}]
2026-06-05 22:50:58,113 [vert.x-eventloop-thread-4] INFO com.javalord.vertx_stock_broker.broker.assets.AssetsRestApi - Path /assets responds with [{"name":"AAPL"},{"name":"AMZN"},{"name":"FB"},{"name":"GOOG"},{"name":"MSFT"},{"name":"TSLA"},{"name":"NFLX"}]
2026-06-05 22:50:58,329 [vert.x-eventloop-thread-4] INFO com.javalord.vertx_stock_broker.broker.assets.AssetsRestApi - Path /assets responds with [{"name":"AAPL"},{"name":"AMZN"},{"name":"FB"},{"name":"GOOG"},{"name":"MSFT"},{"name":"TSLA"},{"name":"NFLX"}]
2026-06-05 22:50:58,350 [vert.x-eventloop-thread-1] INFO com.javalord.vertx_stock_broker.broker.assets.AssetsRestApi - Path /assets responds with [{"name":"AAPL"},{"name":"AMZN"},{"name":"FB"},{"name":"GOOG"},{"name":"MSFT"},{"name":"TSLA"},{"name":"NFLX"}]
2026-06-05 22:50:58,352 [vert.x-eventloop-thread-2] INFO com.javalord.vertx_stock_broker.broker.assets.AssetsRestApi - Path /assets responds with [{"name":"AAPL"},{"name":"AMZN"},{"name":"FB"},{"name":"GOOG"},{"name":"MSFT"},{"name":"TSLA"},{"name":"NFLX"}]
2026-06-05 22:50:58,354 [vert.x-eventloop-thread-3] INFO com.javalord.vertx_stock_broker.broker.assets.AssetsRestApi - Path /assets responds with [{"name":"AAPL"},{"name":"AMZN"},{"name":"FB"},{"name":"GOOG"},{"name":"MSFT"},{"name":"TSLA"},{"name":"NFLX"}]
2026-06-05 22:50:58,533 [vert.x-eventloop-thread-4] INFO com.javalord.vertx_stock_broker.broker.assets.AssetsRestApi - Path /assets responds with [{"name":"AAPL"},{"name":"AMZN"},{"name":"FB"},{"name":"GOOG"},{"name":"MSFT"},{"name":"TSLA"},{"name":"NFLX"}]
2026-06-05 22:50:58,558 [vert.x-eventloop-thread-1] INFO com.javalord.vertx_stock_broker.broker.assets.AssetsRestApi - Path /assets responds with [{"name":"AAPL"},{"name":"AMZN"},{"name":"FB"},{"name":"GOOG"},{"name":"MSFT"},{"name":"TSLA"},{"name":"NFLX"}]
2026-06-05 22:50:58,560 [vert.x-eventloop-thread-2] INFO com.javalord.vertx_stock_broker.broker.assets.AssetsRestApi - Path /assets responds with [{"name":"AAPL"},{"name":"AMZN"},{"name":"FB"},{"name":"GOOG"},{"name":"MSFT"},{"name":"TSLA"},{"name":"NFLX"}]
2026-06-05 22:50:58,561 [vert.x-eventloop-thread-3] INFO com.javalord.vertx_stock_broker.broker.assets.AssetsRestApi - Path /assets responds with [{"name":"AAPL"},{"name":"AMZN"},{"name":"FB"},{"name":"GOOG"},{"name":"MSFT"},{"name":"TSLA"},{"name":"NFLX"}]
2026-06-05 22:50:58,739 [vert.x-eventloop-thread-4] INFO com.javalord.vertx_stock_broker.broker.assets.AssetsRestApi - Path /assets responds with [{"name":"AAPL"},{"name":"AMZN"},{"name":"FB"},{"name":"GOOG"},{"name":"MSFT"},{"name":"TSLA"},{"name":"NFLX"}]
2026-06-05 22:50:58,765 [vert.x-eventloop-thread-1] INFO com.javalord.vertx_stock_broker.broker.assets.AssetsRestApi - Path /assets responds with [{"name":"AAPL"},{"name":"AMZN"},{"name":"FB"},{"name":"GOOG"},{"name":"MSFT"},{"name":"TSLA"},{"name":"NFLX"}]
2026-06-05 22:50:58,767 [vert.x-eventloop-thread-2] INFO com.javalord.vertx_stock_broker.broker.assets.AssetsRestApi - Path /assets responds with [{"name":"AAPL"},{"name":"AMZN"},{"name":"FB"},{"name":"GOOG"},{"name":"MSFT"},{"name":"TSLA"},{"name":"NFLX"}]
2026-06-05 22:50:58,769 [vert.x-eventloop-thread-3] INFO com.javalord.vertx_stock_broker.broker.assets.AssetsRestApi - Path /assets responds with [{"name":"AAPL"},{"name":"AMZN"},{"name":"FB"},{"name":"GOOG"},{"name":"MSFT"},{"name":"TSLA"},{"name":"NFLX"}]
2026-06-05 22:50:58,943 [vert.x-eventloop-thread-4] INFO com.javalord.vertx_stock_broker.broker.assets.AssetsRestApi - Path /assets responds with [{"name":"AAPL"},{"name":"AMZN"},{"name":"FB"},{"name":"GOOG"},{"name":"MSFT"},{"name":"TSLA"},{"name":"NFLX"}]
2026-06-05 22:50:58,970 [vert.x-eventloop-thread-1] INFO com.javalord.vertx_stock_broker.broker.assets.AssetsRestApi - Path /assets responds with [{"name":"AAPL"},{"name":"AMZN"},{"name":"FB"},{"name":"GOOG"},{"name":"MSFT"},{"name":"TSLA"},{"name":"NFLX"}]
2026-06-05 22:50:58,974 [vert.x-eventloop-thread-2] INFO com.javalord.vertx_stock_broker.broker.assets.AssetsRestApi - Path /assets responds with [{"name":"AAPL"},{"name":"AMZN"},{"name":"FB"},{"name":"GOOG"},{"name":"MSFT"},{"name":"TSLA"},{"name":"NFLX"}]
2026-06-05 22:50:58,975 [vert.x-eventloop-thread-3] INFO com.javalord.vertx_stock_broker.broker.assets.AssetsRestApi - Path /assets responds with [{"name":"AAPL"},{"name":"AMZN"},{"name":"FB"},{"name":"GOOG"},{"name":"MSFT"},{"name":"TSLA"},{"name":"NFLX"}]
2026-06-05 22:50:59,149 [vert.x-eventloop-thread-4] INFO com.javalord.vertx_stock_broker.broker.assets.AssetsRestApi - Path /assets responds with [{"name":"AAPL"},{"name":"AMZN"},{"name":"FB"},{"name":"GOOG"},{"name":"MSFT"},{"name":"TSLA"},{"name":"NFLX"}]
2026-06-05 22:50:59,177 [vert.x-eventloop-thread-1] INFO com.javalord.vertx_stock_broker.broker.assets.AssetsRestApi - Path /assets responds with [{"name":"AAPL"},{"name":"AMZN"},{"name":"FB"},{"name":"GOOG"},{"name":"MSFT"},{"name":"TSLA"},{"name":"NFLX"}]
2026-06-05 22:50:59,178 [vert.x-eventloop-thread-2] INFO com.javalord.vertx_stock_broker.broker.assets.AssetsRestApi - Path /assets responds with [{"name":"AAPL"},{"name":"AMZN"},{"name":"FB"},{"name":"GOOG"},{"name":"MSFT"},{"name":"TSLA"},{"name":"NFLX"}]
2026-06-05 22:50:59,179 [vert.x-eventloop-thread-3] INFO com.javalord.vertx_stock_broker.broker.assets.AssetsRestApi - Path /assets responds with [{"name":"AAPL"},{"name":"AMZN"},{"name":"FB"},{"name":"GOOG"},{"name":"MSFT"},{"name":"TSLA"},{"name":"NFLX"}]
2026-06-05 22:50:59,352 [vert.x-eventloop-thread-4] INFO com.javalord.vertx_stock_broker.broker.assets.AssetsRestApi - Path /assets responds with [{"name":"AAPL"},{"name":"AMZN"},{"name":"FB"},{"name":"GOOG"},{"name":"MSFT"},{"name":"TSLA"},{"name":"NFLX"}]
2026-06-05 22:50:59,379 [vert.x-eventloop-thread-1] INFO com.javalord.vertx_stock_broker.broker.assets.AssetsRestApi - Path /assets responds with [{"name":"AAPL"},{"name":"AMZN"},{"name":"FB"},{"name":"GOOG"},{"name":"MSFT"},{"name":"TSLA"},{"name":"NFLX"}]
2026-06-05 22:50:59,383 [vert.x-eventloop-thread-2] INFO com.javalord.vertx_stock_broker.broker.assets.AssetsRestApi - Path /assets responds with [{"name":"AAPL"},{"name":"AMZN"},{"name":"FB"},{"name":"GOOG"},{"name":"MSFT"},{"name":"TSLA"},{"name":"NFLX"}]
2026-06-05 22:50:59,384 [vert.x-eventloop-thread-3] INFO com.javalord.vertx_stock_broker.broker.assets.AssetsRestApi - Path /assets responds with [{"name":"AAPL"},{"name":"AMZN"},{"name":"FB"},{"name":"GOOG"},{"name":"MSFT"},{"name":"TSLA"},{"name":"NFLX"}]
2026-06-05 22:50:59,558 [vert.x-eventloop-thread-4] INFO com.javalord.vertx_stock_broker.broker.assets.AssetsRestApi - Path /assets responds with [{"name":"AAPL"},{"name":"AMZN"},{"name":"FB"},{"name":"GOOG"},{"name":"MSFT"},{"name":"TSLA"},{"name":"NFLX"}]
2026-06-05 22:50:59,584 [vert.x-eventloop-thread-1] INFO com.javalord.vertx_stock_broker.broker.assets.AssetsRestApi - Path /assets responds with [{"name":"AAPL"},{"name":"AMZN"},{"name":"FB"},{"name":"GOOG"},{"name":"MSFT"},{"name":"TSLA"},{"name":"NFLX"}]
2026-06-05 22:50:59,588 [vert.x-eventloop-thread-2] INFO com.javalord.vertx_stock_broker.broker.assets.AssetsRestApi - Path /assets responds with [{"name":"AAPL"},{"name":"AMZN"},{"name":"FB"},{"name":"GOOG"},{"name":"MSFT"},{"name":"TSLA"},{"name":"NFLX"}]
2026-06-05 22:50:59,590 [vert.x-eventloop-thread-3] INFO com.javalord.vertx_stock_broker.broker.assets.AssetsRestApi - Path /assets responds with [{"name":"AAPL"},{"name":"AMZN"},{"name":"FB"},{"name":"GOOG"},{"name":"MSFT"},{"name":"TSLA"},{"name":"NFLX"}]
2026-06-05 22:50:59,763 [vert.x-eventloop-thread-4] INFO com.javalord.vertx_stock_broker.broker.assets.AssetsRestApi - Path /assets responds with [{"name":"AAPL"},{"name":"AMZN"},{"name":"FB"},{"name":"GOOG"},{"name":"MSFT"},{"name":"TSLA"},{"name":"NFLX"}]
2026-06-05 22:50:59,790 [vert.x-eventloop-thread-1] INFO com.javalord.vertx_stock_broker.broker.assets.AssetsRestApi - Path /assets responds with [{"name":"AAPL"},{"name":"AMZN"},{"name":"FB"},{"name":"GOOG"},{"name":"MSFT"},{"name":"TSLA"},{"name":"NFLX"}]
2026-06-05 22:50:59,795 [vert.x-eventloop-thread-2] INFO com.javalord.vertx_stock_broker.broker.assets.AssetsRestApi - Path /assets responds with [{"name":"AAPL"},{"name":"AMZN"},{"name":"FB"},{"name":"GOOG"},{"name":"MSFT"},{"name":"TSLA"},{"name":"NFLX"}]
2026-06-05 22:50:59,796 [vert.x-eventloop-thread-3] INFO com.javalord.vertx_stock_broker.broker.assets.AssetsRestApi - Path /assets responds with [{"name":"AAPL"},{"name":"AMZN"},{"name":"FB"},{"name":"GOOG"},{"name":"MSFT"},{"name":"TSLA"},{"name":"NFLX"}]
2026-06-05 22:50:59,967 [vert.x-eventloop-thread-4] INFO com.javalord.vertx_stock_broker.broker.assets.AssetsRestApi - Path /assets responds with [{"name":"AAPL"},{"name":"AMZN"},{"name":"FB"},{"name":"GOOG"},{"name":"MSFT"},{"name":"TSLA"},{"name":"NFLX"}]
2026-06-05 22:50:59,994 [vert.x-eventloop-thread-1] INFO com.javalord.vertx_stock_broker.broker.assets.AssetsRestApi - Path /assets responds with [{"name":"AAPL"},{"name":"AMZN"},{"name":"FB"},{"name":"GOOG"},{"name":"MSFT"},{"name":"TSLA"},{"name":"NFLX"}]
2026-06-05 22:50:59,999 [vert.x-eventloop-thread-2] INFO com.javalord.vertx_stock_broker.broker.assets.AssetsRestApi - Path /assets responds with [{"name":"AAPL"},{"name":"AMZN"},{"name":"FB"},{"name":"GOOG"},{"name":"MSFT"},{"name":"TSLA"},{"name":"NFLX"}]
2026-06-05 22:51:00,001 [vert.x-eventloop-thread-3] INFO com.javalord.vertx_stock_broker.broker.assets.AssetsRestApi - Path /assets responds with [{"name":"AAPL"},{"name":"AMZN"},{"name":"FB"},{"name":"GOOG"},{"name":"MSFT"},{"name":"TSLA"},{"name":"NFLX"}]
2026-06-05 22:51:00,173 [vert.x-eventloop-thread-4] INFO com.javalord.vertx_stock_broker.broker.assets.AssetsRestApi - Path /assets responds with [{"name":"AAPL"},{"name":"AMZN"},{"name":"FB"},{"name":"GOOG"},{"name":"MSFT"},{"name":"TSLA"},{"name":"NFLX"}]
2026-06-05 22:51:00,199 [vert.x-eventloop-thread-1] INFO com.javalord.vertx_stock_broker.broker.assets.AssetsRestApi - Path /assets responds with [{"name":"AAPL"},{"name":"AMZN"},{"name":"FB"},{"name":"GOOG"},{"name":"MSFT"},{"name":"TSLA"},{"name":"NFLX"}]
2026-06-05 22:51:00,204 [vert.x-eventloop-thread-2] INFO com.javalord.vertx_stock_broker.broker.assets.AssetsRestApi - Path /assets responds with [{"name":"AAPL"},{"name":"AMZN"},{"name":"FB"},{"name":"GOOG"},{"name":"MSFT"},{"name":"TSLA"},{"name":"NFLX"}]
2026-06-05 22:51:00,207 [vert.x-eventloop-thread-3] INFO com.javalord.vertx_stock_broker.broker.assets.AssetsRestApi - Path /assets responds with [{"name":"AAPL"},{"name":"AMZN"},{"name":"FB"},{"name":"GOOG"},{"name":"MSFT"},{"name":"TSLA"},{"name":"NFLX"}]
2026-06-05 22:51:00,381 [vert.x-eventloop-thread-4] INFO com.javalord.vertx_stock_broker.broker.assets.AssetsRestApi - Path /assets responds with [{"name":"AAPL"},{"name":"AMZN"},{"name":"FB"},{"name":"GOOG"},{"name":"MSFT"},{"name":"TSLA"},{"name":"NFLX"}]
2026-06-05 22:51:00,404 [vert.x-eventloop-thread-1] INFO com.javalord.vertx_stock_broker.broker.assets.AssetsRestApi - Path /assets responds with [{"name":"AAPL"},{"name":"AMZN"},{"name":"FB"},{"name":"GOOG"},{"name":"MSFT"},{"name":"TSLA"},{"name":"NFLX"}]
2026-06-05 22:51:00,410 [vert.x-eventloop-thread-2] INFO com.javalord.vertx_stock_broker.broker.assets.AssetsRestApi - Path /assets responds with [{"name":"AAPL"},{"name":"AMZN"},{"name":"FB"},{"name":"GOOG"},{"name":"MSFT"},{"name":"TSLA"},{"name":"NFLX"}]
2026-06-05 22:51:00,411 [vert.x-eventloop-thread-3] INFO com.javalord.vertx_stock_broker.broker.assets.AssetsRestApi - Path /assets responds with [{"name":"AAPL"},{"name":"AMZN"},{"name":"FB"},{"name":"GOOG"},{"name":"MSFT"},{"name":"TSLA"},{"name":"NFLX"}]
2026-06-05 22:51:00,586 [vert.x-eventloop-thread-4] INFO com.javalord.vertx_stock_broker.broker.assets.AssetsRestApi - Path /assets responds with [{"name":"AAPL"},{"name":"AMZN"},{"name":"FB"},{"name":"GOOG"},{"name":"MSFT"},{"name":"TSLA"},{"name":"NFLX"}]
2026-06-05 22:51:00,608 [vert.x-eventloop-thread-1] INFO com.javalord.vertx_stock_broker.broker.assets.AssetsRestApi - Path /assets responds with [{"name":"AAPL"},{"name":"AMZN"},{"name":"FB"},{"name":"GOOG"},{"name":"MSFT"},{"name":"TSLA"},{"name":"NFLX"}]
2026-06-05 22:51:00,614 [vert.x-eventloop-thread-2] INFO com.javalord.vertx_stock_broker.broker.assets.AssetsRestApi - Path /assets responds with [{"name":"AAPL"},{"name":"AMZN"},{"name":"FB"},{"name":"GOOG"},{"name":"MSFT"},{"name":"TSLA"},{"name":"NFLX"}]
2026-06-05 22:51:00,617 [vert.x-eventloop-thread-3] INFO com.javalord.vertx_stock_broker.broker.assets.AssetsRestApi - Path /assets responds with [{"name":"AAPL"},{"name":"AMZN"},{"name":"FB"},{"name":"GOOG"},{"name":"MSFT"},{"name":"TSLA"},{"name":"NFLX"}]
2026-06-05 22:51:00,790 [vert.x-eventloop-thread-4] INFO com.javalord.vertx_stock_broker.broker.assets.AssetsRestApi - Path /assets responds with [{"name":"AAPL"},{"name":"AMZN"},{"name":"FB"},{"name":"GOOG"},{"name":"MSFT"},{"name":"TSLA"},{"name":"NFLX"}]
2026-06-05 22:51:00,811 [vert.x-eventloop-thread-1] INFO com.javalord.vertx_stock_broker.broker.assets.AssetsRestApi - Path /assets responds with [{"name":"AAPL"},{"name":"AMZN"},{"name":"FB"},{"name":"GOOG"},{"name":"MSFT"},{"name":"TSLA"},{"name":"NFLX"}]
2026-06-05 22:51:00,818 [vert.x-eventloop-thread-2] INFO com.javalord.vertx_stock_broker.broker.assets.AssetsRestApi - Path /assets responds with [{"name":"AAPL"},{"name":"AMZN"},{"name":"FB"},{"name":"GOOG"},{"name":"MSFT"},{"name":"TSLA"},{"name":"NFLX"}]
2026-06-05 22:51:00,823 [vert.x-eventloop-thread-3] INFO com.javalord.vertx_stock_broker.broker.assets.AssetsRestApi - Path /assets responds with [{"name":"AAPL"},{"name":"AMZN"},{"name":"FB"},{"name":"GOOG"},{"name":"MSFT"},{"name":"TSLA"},{"name":"NFLX"}]
2026-06-05 22:51:00,991 [vert.x-eventloop-thread-4] INFO com.javalord.vertx_stock_broker.broker.assets.AssetsRestApi - Path /assets responds with [{"name":"AAPL"},{"name":"AMZN"},{"name":"FB"},{"name":"GOOG"},{"name":"MSFT"},{"name":"TSLA"},{"name":"NFLX"}]
2026-06-05 22:51:01,014 [vert.x-eventloop-thread-1] INFO com.javalord.vertx_stock_broker.broker.assets.AssetsRestApi - Path /assets responds with [{"name":"AAPL"},{"name":"AMZN"},{"name":"FB"},{"name":"GOOG"},{"name":"MSFT"},{"name":"TSLA"},{"name":"NFLX"}]
2026-06-05 22:51:01,023 [vert.x-eventloop-thread-2] INFO com.javalord.vertx_stock_broker.broker.assets.AssetsRestApi - Path /assets responds with [{"name":"AAPL"},{"name":"AMZN"},{"name":"FB"},{"name":"GOOG"},{"name":"MSFT"},{"name":"TSLA"},{"name":"NFLX"}]
2026-06-05 22:51:01,026 [vert.x-eventloop-thread-3] INFO com.javalord.vertx_stock_broker.broker.assets.AssetsRestApi - Path /assets responds with [{"name":"AAPL"},{"name":"AMZN"},{"name":"FB"},{"name":"GOOG"},{"name":"MSFT"},{"name":"TSLA"},{"name":"NFLX"}]
2026-06-05 22:51:01,198 [vert.x-eventloop-thread-4] INFO com.javalord.vertx_stock_broker.broker.assets.AssetsRestApi - Path /assets responds with [{"name":"AAPL"},{"name":"AMZN"},{"name":"FB"},{"name":"GOOG"},{"name":"MSFT"},{"name":"TSLA"},{"name":"NFLX"}]
2026-06-05 22:51:01,221 [vert.x-eventloop-thread-1] INFO com.javalord.vertx_stock_broker.broker.assets.AssetsRestApi - Path /assets responds with [{"name":"AAPL"},{"name":"AMZN"},{"name":"FB"},{"name":"GOOG"},{"name":"MSFT"},{"name":"TSLA"},{"name":"NFLX"}]
2026-06-05 22:51:01,227 [vert.x-eventloop-thread-2] INFO com.javalord.vertx_stock_broker.broker.assets.AssetsRestApi - Path /assets responds with [{"name":"AAPL"},{"name":"AMZN"},{"name":"FB"},{"name":"GOOG"},{"name":"MSFT"},{"name":"TSLA"},{"name":"NFLX"}]
2026-06-05 22:51:01,231 [vert.x-eventloop-thread-3] INFO com.javalord.vertx_stock_broker.broker.assets.AssetsRestApi - Path /assets responds with [{"name":"AAPL"},{"name":"AMZN"},{"name":"FB"},{"name":"GOOG"},{"name":"MSFT"},{"name":"TSLA"},{"name":"NFLX"}]
2026-06-05 22:51:01,405 [vert.x-eventloop-thread-4] INFO com.javalord.vertx_stock_broker.broker.assets.AssetsRestApi - Path /assets responds with [{"name":"AAPL"},{"name":"AMZN"},{"name":"FB"},{"name":"GOOG"},{"name":"MSFT"},{"name":"TSLA"},{"name":"NFLX"}]
2026-06-05 22:51:01,427 [vert.x-eventloop-thread-1] INFO com.javalord.vertx_stock_broker.broker.assets.AssetsRestApi - Path /assets responds with [{"name":"AAPL"},{"name":"AMZN"},{"name":"FB"},{"name":"GOOG"},{"name":"MSFT"},{"name":"TSLA"},{"name":"NFLX"}]
2026-06-05 22:51:01,431 [vert.x-eventloop-thread-2] INFO com.javalord.vertx_stock_broker.broker.assets.AssetsRestApi - Path /assets responds with [{"name":"AAPL"},{"name":"AMZN"},{"name":"FB"},{"name":"GOOG"},{"name":"MSFT"},{"name":"TSLA"},{"name":"NFLX"}]
2026-06-05 22:51:01,434 [vert.x-eventloop-thread-3] INFO com.javalord.vertx_stock_broker.broker.assets.AssetsRestApi - Path /assets responds with [{"name":"AAPL"},{"name":"AMZN"},{"name":"FB"},{"name":"GOOG"},{"name":"MSFT"},{"name":"TSLA"},{"name":"NFLX"}]
2026-06-05 22:51:01,612 [vert.x-eventloop-thread-4] INFO com.javalord.vertx_stock_broker.broker.assets.AssetsRestApi - Path /assets responds with [{"name":"AAPL"},{"name":"AMZN"},{"name":"FB"},{"name":"GOOG"},{"name":"MSFT"},{"name":"TSLA"},{"name":"NFLX"}]
2026-06-05 22:51:01,631 [vert.x-eventloop-thread-1] INFO com.javalord.vertx_stock_broker.broker.assets.AssetsRestApi - Path /assets responds with [{"name":"AAPL"},{"name":"AMZN"},{"name":"FB"},{"name":"GOOG"},{"name":"MSFT"},{"name":"TSLA"},{"name":"NFLX"}]
2026-06-05 22:51:01,635 [vert.x-eventloop-thread-2] INFO com.javalord.vertx_stock_broker.broker.assets.AssetsRestApi - Path /assets responds with [{"name":"AAPL"},{"name":"AMZN"},{"name":"FB"},{"name":"GOOG"},{"name":"MSFT"},{"name":"TSLA"},{"name":"NFLX"}]
2026-06-05 22:51:01,639 [vert.x-eventloop-thread-3] INFO com.javalord.vertx_stock_broker.broker.assets.AssetsRestApi - Path /assets responds with [{"name":"AAPL"},{"name":"AMZN"},{"name":"FB"},{"name":"GOOG"},{"name":"MSFT"},{"name":"TSLA"},{"name":"NFLX"}]
2026-06-05 22:51:01,816 [vert.x-eventloop-thread-4] INFO com.javalord.vertx_stock_broker.broker.assets.AssetsRestApi - Path /assets responds with [{"name":"AAPL"},{"name":"AMZN"},{"name":"FB"},{"name":"GOOG"},{"name":"MSFT"},{"name":"TSLA"},{"name":"NFLX"}]
2026-06-05 22:51:01,834 [vert.x-eventloop-thread-1] INFO com.javalord.vertx_stock_broker.broker.assets.AssetsRestApi - Path /assets responds with [{"name":"AAPL"},{"name":"AMZN"},{"name":"FB"},{"name":"GOOG"},{"name":"MSFT"},{"name":"TSLA"},{"name":"NFLX"}]
2026-06-05 22:51:01,840 [vert.x-eventloop-thread-2] INFO com.javalord.vertx_stock_broker.broker.assets.AssetsRestApi - Path /assets responds with [{"name":"AAPL"},{"name":"AMZN"},{"name":"FB"},{"name":"GOOG"},{"name":"MSFT"},{"name":"TSLA"},{"name":"NFLX"}]
2026-06-05 22:51:01,843 [vert.x-eventloop-thread-3] INFO com.javalord.vertx_stock_broker.broker.assets.AssetsRestApi - Path /assets responds with [{"name":"AAPL"},{"name":"AMZN"},{"name":"FB"},{"name":"GOOG"},{"name":"MSFT"},{"name":"TSLA"},{"name":"NFLX"}]
2026-06-05 22:51:02,017 [vert.x-eventloop-thread-4] INFO com.javalord.vertx_stock_broker.broker.assets.AssetsRestApi - Path /assets responds with [{"name":"AAPL"},{"name":"AMZN"},{"name":"FB"},{"name":"GOOG"},{"name":"MSFT"},{"name":"TSLA"},{"name":"NFLX"}]
2026-06-05 22:51:02,038 [vert.x-eventloop-thread-1] INFO com.javalord.vertx_stock_broker.broker.assets.AssetsRestApi - Path /assets responds with [{"name":"AAPL"},{"name":"AMZN"},{"name":"FB"},{"name":"GOOG"},{"name":"MSFT"},{"name":"TSLA"},{"name":"NFLX"}]
2026-06-05 22:51:02,043 [vert.x-eventloop-thread-2] INFO com.javalord.vertx_stock_broker.broker.assets.AssetsRestApi - Path /assets responds with [{"name":"AAPL"},{"name":"AMZN"},{"name":"FB"},{"name":"GOOG"},{"name":"MSFT"},{"name":"TSLA"},{"name":"NFLX"}]
2026-06-05 22:51:02,048 [vert.x-eventloop-thread-3] INFO com.javalord.vertx_stock_broker.broker.assets.AssetsRestApi - Path /assets responds with [{"name":"AAPL"},{"name":"AMZN"},{"name":"FB"},{"name":"GOOG"},{"name":"MSFT"},{"name":"TSLA"},{"name":"NFLX"}]
2026-06-05 22:51:02,221 [vert.x-eventloop-thread-4] INFO com.javalord.vertx_stock_broker.broker.assets.AssetsRestApi - Path /assets responds with [{"name":"AAPL"},{"name":"AMZN"},{"name":"FB"},{"name":"GOOG"},{"name":"MSFT"},{"name":"TSLA"},{"name":"NFLX"}]
2026-06-05 22:51:02,242 [vert.x-eventloop-thread-1] INFO com.javalord.vertx_stock_broker.broker.assets.AssetsRestApi - Path /assets responds with [{"name":"AAPL"},{"name":"AMZN"},{"name":"FB"},{"name":"GOOG"},{"name":"MSFT"},{"name":"TSLA"},{"name":"NFLX"}]
2026-06-05 22:51:02,247 [vert.x-eventloop-thread-2] INFO com.javalord.vertx_stock_broker.broker.assets.AssetsRestApi - Path /assets responds with [{"name":"AAPL"},{"name":"AMZN"},{"name":"FB"},{"name":"GOOG"},{"name":"MSFT"},{"name":"TSLA"},{"name":"NFLX"}]
2026-06-05 22:51:02,250 [vert.x-eventloop-thread-3] INFO com.javalord.vertx_stock_broker.broker.assets.AssetsRestApi - Path /assets responds with [{"name":"AAPL"},{"name":"AMZN"},{"name":"FB"},{"name":"GOOG"},{"name":"MSFT"},{"name":"TSLA"},{"name":"NFLX"}]
2026-06-05 22:51:02,426 [vert.x-eventloop-thread-4] INFO com.javalord.vertx_stock_broker.broker.assets.AssetsRestApi - Path /assets responds with [{"name":"AAPL"},{"name":"AMZN"},{"name":"FB"},{"name":"GOOG"},{"name":"MSFT"},{"name":"TSLA"},{"name":"NFLX"}]
2026-06-05 22:51:02,449 [vert.x-eventloop-thread-1] INFO com.javalord.vertx_stock_broker.broker.assets.AssetsRestApi - Path /assets responds with [{"name":"AAPL"},{"name":"AMZN"},{"name":"FB"},{"name":"GOOG"},{"name":"MSFT"},{"name":"TSLA"},{"name":"NFLX"}]
2026-06-05 22:51:02,455 [vert.x-eventloop-thread-2] INFO com.javalord.vertx_stock_broker.broker.assets.AssetsRestApi - Path /assets responds with [{"name":"AAPL"},{"name":"AMZN"},{"name":"FB"},{"name":"GOOG"},{"name":"MSFT"},{"name":"TSLA"},{"name":"NFLX"}]
2026-06-05 22:51:02,457 [vert.x-eventloop-thread-3] INFO com.javalord.vertx_stock_broker.broker.assets.AssetsRestApi - Path /assets responds with [{"name":"AAPL"},{"name":"AMZN"},{"name":"FB"},{"name":"GOOG"},{"name":"MSFT"},{"name":"TSLA"},{"name":"NFLX"}]
2026-06-05 22:51:02,631 [vert.x-eventloop-thread-4] INFO com.javalord.vertx_stock_broker.broker.assets.AssetsRestApi - Path /assets responds with [{"name":"AAPL"},{"name":"AMZN"},{"name":"FB"},{"name":"GOOG"},{"name":"MSFT"},{"name":"TSLA"},{"name":"NFLX"}]
2026-06-05 22:51:02,659 [vert.x-eventloop-thread-1] INFO com.javalord.vertx_stock_broker.broker.assets.AssetsRestApi - Path /assets responds with [{"name":"AAPL"},{"name":"AMZN"},{"name":"FB"},{"name":"GOOG"},{"name":"MSFT"},{"name":"TSLA"},{"name":"NFLX"}]
2026-06-05 22:51:02,664 [vert.x-eventloop-thread-2] INFO com.javalord.vertx_stock_broker.broker.assets.AssetsRestApi - Path /assets responds with [{"name":"AAPL"},{"name":"AMZN"},{"name":"FB"},{"name":"GOOG"},{"name":"MSFT"},{"name":"TSLA"},{"name":"NFLX"}]
2026-06-05 22:51:02,665 [vert.x-eventloop-thread-3] INFO com.javalord.vertx_stock_broker.broker.assets.AssetsRestApi - Path /assets responds with [{"name":"AAPL"},{"name":"AMZN"},{"name":"FB"},{"name":"GOOG"},{"name":"MSFT"},{"name":"TSLA"},{"name":"NFLX"}]
2026-06-05 22:51:02,836 [vert.x-eventloop-thread-4] INFO com.javalord.vertx_stock_broker.broker.assets.AssetsRestApi - Path /assets responds with [{"name":"AAPL"},{"name":"AMZN"},{"name":"FB"},{"name":"GOOG"},{"name":"MSFT"},{"name":"TSLA"},{"name":"NFLX"}]
2026-06-05 22:51:02,862 [vert.x-eventloop-thread-1] INFO com.javalord.vertx_stock_broker.broker.assets.AssetsRestApi - Path /assets responds with [{"name":"AAPL"},{"name":"AMZN"},{"name":"FB"},{"name":"GOOG"},{"name":"MSFT"},{"name":"TSLA"},{"name":"NFLX"}]
2026-06-05 22:51:02,867 [vert.x-eventloop-thread-2] INFO com.javalord.vertx_stock_broker.broker.assets.AssetsRestApi - Path /assets responds with [{"name":"AAPL"},{"name":"AMZN"},{"name":"FB"},{"name":"GOOG"},{"name":"MSFT"},{"name":"TSLA"},{"name":"NFLX"}]
2026-06-05 22:51:02,869 [vert.x-eventloop-thread-3] INFO com.javalord.vertx_stock_broker.broker.assets.AssetsRestApi - Path /assets responds with [{"name":"AAPL"},{"name":"AMZN"},{"name":"FB"},{"name":"GOOG"},{"name":"MSFT"},{"name":"TSLA"},{"name":"NFLX"}]
2026-06-05 22:51:03,041 [vert.x-eventloop-thread-4] INFO com.javalord.vertx_stock_broker.broker.assets.AssetsRestApi - Path /assets responds with [{"name":"AAPL"},{"name":"AMZN"},{"name":"FB"},{"name":"GOOG"},{"name":"MSFT"},{"name":"TSLA"},{"name":"NFLX"}]
2026-06-05 22:51:03,073 [vert.x-eventloop-thread-1] INFO com.javalord.vertx_stock_broker.broker.assets.AssetsRestApi - Path /assets responds with [{"name":"AAPL"},{"name":"AMZN"},{"name":"FB"},{"name":"GOOG"},{"name":"MSFT"},{"name":"TSLA"},{"name":"NFLX"}]
2026-06-05 22:51:03,077 [vert.x-eventloop-thread-2] INFO com.javalord.vertx_stock_broker.broker.assets.AssetsRestApi - Path /assets responds with [{"name":"AAPL"},{"name":"AMZN"},{"name":"FB"},{"name":"GOOG"},{"name":"MSFT"},{"name":"TSLA"},{"name":"NFLX"}]
2026-06-05 22:51:03,246 [vert.x-eventloop-thread-4] INFO com.javalord.vertx_stock_broker.broker.assets.AssetsRestApi - Path /assets responds with [{"name":"AAPL"},{"name":"AMZN"},{"name":"FB"},{"name":"GOOG"},{"name":"MSFT"},{"name":"TSLA"},{"name":"NFLX"}]
2026-06-06 09:35:06,660 [main] INFO com.javalord.vertx_stock_broker.broker.MainVerticle - Info...
2026-06-06 09:35:07,273 [vert.x-eventloop-thread-3] INFO com.javalord.vertx_stock_broker.broker.RestApiVerticle - error
2026-06-06 09:35:07,273 [vert.x-eventloop-thread-2] INFO com.javalord.vertx_stock_broker.broker.RestApiVerticle - error
2026-06-06 09:35:07,273 [vert.x-eventloop-thread-4] INFO com.javalord.vertx_stock_broker.broker.RestApiVerticle - error
2026-06-06 09:35:07,273 [vert.x-eventloop-thread-1] INFO com.javalord.vertx_stock_broker.broker.RestApiVerticle - error
2026-06-06 09:35:07,277 [vert.x-eventloop-thread-0] INFO com.javalord.vertx_stock_broker.broker.MainVerticle - Deployed RestApiVerticle with id 2
2026-06-06 09:35:07,277 [vert.x-eventloop-thread-5] INFO com.javalord.vertx_stock_broker.broker.MainVerticle - Deployed MainVerticle with id 1
2026-06-06 09:35:29,012 [main] INFO com.javalord.vertx_stock_broker.broker.MainVerticle - Info...
2026-06-06 09:35:29,558 [vert.x-eventloop-thread-2] INFO com.javalord.vertx_stock_broker.broker.RestApiVerticle - error
2026-06-06 09:35:29,558 [vert.x-eventloop-thread-1] INFO com.javalord.vertx_stock_broker.broker.RestApiVerticle - error
2026-06-06 09:35:29,558 [vert.x-eventloop-thread-4] INFO com.javalord.vertx_stock_broker.broker.RestApiVerticle - error
2026-06-06 09:35:29,558 [vert.x-eventloop-thread-3] INFO com.javalord.vertx_stock_broker.broker.RestApiVerticle - error
2026-06-06 09:35:29,562 [vert.x-eventloop-thread-0] INFO com.javalord.vertx_stock_broker.broker.MainVerticle - Deployed RestApiVerticle with id 2
2026-06-06 09:35:29,562 [vert.x-eventloop-thread-5] INFO com.javalord.vertx_stock_broker.broker.MainVerticle - Deployed MainVerticle with id 1
2026-06-06 09:37:05,399 [main] INFO com.javalord.vertx_stock_broker.broker.MainVerticle - Info...
2026-06-06 09:37:06,029 [vert.x-eventloop-thread-3] INFO com.javalord.vertx_stock_broker.broker.RestApiVerticle - error
2026-06-06 09:37:06,029 [vert.x-eventloop-thread-2] INFO com.javalord.vertx_stock_broker.broker.RestApiVerticle - error
2026-06-06 09:37:06,029 [vert.x-eventloop-thread-1] INFO com.javalord.vertx_stock_broker.broker.RestApiVerticle - error
2026-06-06 09:37:06,029 [vert.x-eventloop-thread-4] INFO com.javalord.vertx_stock_broker.broker.RestApiVerticle - error
2026-06-06 09:38:35,292 [main] INFO com.javalord.vertx_stock_broker.broker.MainVerticle - Info...
2026-06-06 09:38:35,821 [vert.x-eventloop-thread-3] INFO com.javalord.vertx_stock_broker.broker.RestApiVerticle - Cannot invoke "java.lang.Integer.intValue()" because the return value of "io.vertx.core.json.JsonObject.getInteger(String)" is null
2026-06-06 09:38:35,821 [vert.x-eventloop-thread-4] INFO com.javalord.vertx_stock_broker.broker.RestApiVerticle - Cannot invoke "java.lang.Integer.intValue()" because the return value of "io.vertx.core.json.JsonObject.getInteger(String)" is null
2026-06-06 09:38:35,821 [vert.x-eventloop-thread-1] INFO com.javalord.vertx_stock_broker.broker.RestApiVerticle - Cannot invoke "java.lang.Integer.intValue()" because the return value of "io.vertx.core.json.JsonObject.getInteger(String)" is null
2026-06-06 09:38:35,821 [vert.x-eventloop-thread-2] INFO com.javalord.vertx_stock_broker.broker.RestApiVerticle - Cannot invoke "java.lang.Integer.intValue()" because the return value of "io.vertx.core.json.JsonObject.getInteger(String)" is null
2026-06-06 09:39:31,030 [main] INFO com.javalord.vertx_stock_broker.broker.MainVerticle - Info...
2026-06-06 09:39:31,532 [vert.x-eventloop-thread-2] INFO com.javalord.vertx_stock_broker.broker.RestApiVerticle - Cannot invoke "java.lang.Integer.intValue()" because the return value of "io.vertx.core.json.JsonObject.getInteger(String)" is null
2026-06-06 09:39:31,532 [vert.x-eventloop-thread-4] INFO com.javalord.vertx_stock_broker.broker.RestApiVerticle - Cannot invoke "java.lang.Integer.intValue()" because the return value of "io.vertx.core.json.JsonObject.getInteger(String)" is null
2026-06-06 09:39:31,532 [vert.x-eventloop-thread-1] INFO com.javalord.vertx_stock_broker.broker.RestApiVerticle - Cannot invoke "java.lang.Integer.intValue()" because the return value of "io.vertx.core.json.JsonObject.getInteger(String)" is null
2026-06-06 09:39:31,532 [vert.x-eventloop-thread-3] INFO com.javalord.vertx_stock_broker.broker.RestApiVerticle - Cannot invoke "java.lang.Integer.intValue()" because the return value of "io.vertx.core.json.JsonObject.getInteger(String)" is null
2026-06-06 09:40:09,850 [main] INFO com.javalord.vertx_stock_broker.broker.MainVerticle - Info...
2026-06-06 09:40:10,422 [vert.x-eventloop-thread-4] INFO com.javalord.vertx_stock_broker.broker.RestApiVerticle - Cannot invoke "java.lang.Integer.intValue()" because the return value of "io.vertx.core.json.JsonObject.getInteger(String)" is null
2026-06-06 09:40:10,422 [vert.x-eventloop-thread-1] INFO com.javalord.vertx_stock_broker.broker.RestApiVerticle - Cannot invoke "java.lang.Integer.intValue()" because the return value of "io.vertx.core.json.JsonObject.getInteger(String)" is null
2026-06-06 09:40:10,422 [vert.x-eventloop-thread-2] INFO com.javalord.vertx_stock_broker.broker.RestApiVerticle - Cannot invoke "java.lang.Integer.intValue()" because the return value of "io.vertx.core.json.JsonObject.getInteger(String)" is null
2026-06-06 09:40:10,422 [vert.x-eventloop-thread-3] INFO com.javalord.vertx_stock_broker.broker.RestApiVerticle - Cannot invoke "java.lang.Integer.intValue()" because the return value of "io.vertx.core.json.JsonObject.getInteger(String)" is null
2026-06-06 09:41:27,030 [main] INFO com.javalord.vertx_stock_broker.broker.MainVerticle - Info...
2026-06-06 09:41:27,608 [vert.x-eventloop-thread-4] INFO com.javalord.vertx_stock_broker.broker.RestApiVerticle - Cannot invoke "java.lang.Integer.intValue()" because the return value of "io.vertx.core.json.JsonObject.getInteger(String)" is null
2026-06-06 09:41:27,608 [vert.x-eventloop-thread-2] INFO com.javalord.vertx_stock_broker.broker.RestApiVerticle - Cannot invoke "java.lang.Integer.intValue()" because the return value of "io.vertx.core.json.JsonObject.getInteger(String)" is null
2026-06-06 09:41:27,608 [vert.x-eventloop-thread-1] INFO com.javalord.vertx_stock_broker.broker.RestApiVerticle - Cannot invoke "java.lang.Integer.intValue()" because the return value of "io.vertx.core.json.JsonObject.getInteger(String)" is null
2026-06-06 09:41:27,608 [vert.x-eventloop-thread-3] INFO com.javalord.vertx_stock_broker.broker.RestApiVerticle - Cannot invoke "java.lang.Integer.intValue()" because the return value of "io.vertx.core.json.JsonObject.getInteger(String)" is null
2026-06-06 09:44:28,506 [main] INFO com.javalord.vertx_stock_broker.broker.MainVerticle - Info...
2026-06-06 09:44:29,055 [vert.x-eventloop-thread-2] INFO com.javalord.vertx_stock_broker.broker.RestApiVerticle - Config port not found at null
2026-06-06 09:44:29,055 [vert.x-eventloop-thread-1] INFO com.javalord.vertx_stock_broker.broker.RestApiVerticle - Config port not found at null
2026-06-06 09:44:29,055 [vert.x-eventloop-thread-4] INFO com.javalord.vertx_stock_broker.broker.RestApiVerticle - Config port not found at null
2026-06-06 09:44:29,055 [vert.x-eventloop-thread-3] INFO com.javalord.vertx_stock_broker.broker.RestApiVerticle - Config port not found at null
2026-06-06 09:46:02,340 [main] INFO com.javalord.vertx_stock_broker.broker.MainVerticle - Info...
2026-06-06 09:46:02,959 [vert.x-eventloop-thread-1] INFO com.javalord.vertx_stock_broker.broker.RestApiVerticle - Retrieved configuration: BrokerConfig(serverPort=10000)
2026-06-06 09:46:02,959 [vert.x-eventloop-thread-3] INFO com.javalord.vertx_stock_broker.broker.RestApiVerticle - Retrieved configuration: BrokerConfig(serverPort=10000)
2026-06-06 09:46:02,959 [vert.x-eventloop-thread-2] INFO com.javalord.vertx_stock_broker.broker.RestApiVerticle - Retrieved configuration: BrokerConfig(serverPort=10000)
2026-06-06 09:46:02,959 [vert.x-eventloop-thread-4] INFO com.javalord.vertx_stock_broker.broker.RestApiVerticle - Retrieved configuration: BrokerConfig(serverPort=10000)
2026-06-06 09:46:03,101 [vert.x-eventloop-thread-1] INFO com.javalord.vertx_stock_broker.broker.RestApiVerticle - HTTP server started on port 10000
2026-06-06 09:46:03,101 [vert.x-eventloop-thread-2] INFO com.javalord.vertx_stock_broker.broker.RestApiVerticle - HTTP server started on port 10000
2026-06-06 09:46:03,101 [vert.x-eventloop-thread-3] INFO com.javalord.vertx_stock_broker.broker.RestApiVerticle - HTTP server started on port 10000
2026-06-06 09:46:03,102 [vert.x-eventloop-thread-4] INFO com.javalord.vertx_stock_broker.broker.RestApiVerticle - HTTP server started on port 10000
2026-06-06 09:46:03,102 [vert.x-eventloop-thread-0] INFO com.javalord.vertx_stock_broker.broker.MainVerticle - Deployed RestApiVerticle with id 2
2026-06-06 09:46:03,103 [vert.x-eventloop-thread-5] INFO com.javalord.vertx_stock_broker.broker.MainVerticle - Deployed MainVerticle with id 1
2026-06-06 09:47:29,573 [main] INFO com.javalord.vertx_stock_broker.broker.MainVerticle - Info...
2026-06-06 09:47:30,250 [vert.x-eventloop-thread-3] INFO com.javalord.vertx_stock_broker.broker.RestApiVerticle - Retrieved configuration: BrokerConfig(serverPort=10000)
2026-06-06 09:47:30,250 [vert.x-eventloop-thread-1] INFO com.javalord.vertx_stock_broker.broker.RestApiVerticle - Retrieved configuration: BrokerConfig(serverPort=10000)
2026-06-06 09:47:30,250 [vert.x-eventloop-thread-2] INFO com.javalord.vertx_stock_broker.broker.RestApiVerticle - Retrieved configuration: BrokerConfig(serverPort=10000)
2026-06-06 09:47:30,250 [vert.x-eventloop-thread-4] INFO com.javalord.vertx_stock_broker.broker.RestApiVerticle - Retrieved configuration: BrokerConfig(serverPort=10000)
2026-06-06 09:47:30,361 [vert.x-eventloop-thread-1] INFO com.javalord.vertx_stock_broker.broker.RestApiVerticle - HTTP server started on port 10000
2026-06-06 09:47:30,361 [vert.x-eventloop-thread-0] INFO com.javalord.vertx_stock_broker.broker.MainVerticle - Deployed RestApiVerticle with id 2
2026-06-06 09:47:30,361 [vert.x-eventloop-thread-3] INFO com.javalord.vertx_stock_broker.broker.RestApiVerticle - HTTP server started on port 10000
2026-06-06 09:47:30,361 [vert.x-eventloop-thread-2] INFO com.javalord.vertx_stock_broker.broker.RestApiVerticle - HTTP server started on port 10000
2026-06-06 09:47:30,361 [vert.x-eventloop-thread-4] INFO com.javalord.vertx_stock_broker.broker.RestApiVerticle - HTTP server started on port 10000
2026-06-06 09:47:30,362 [vert.x-eventloop-thread-5] INFO com.javalord.vertx_stock_broker.broker.MainVerticle - Deployed MainVerticle with id 1
2026-06-06 09:52:08,751 [main] INFO com.javalord.vertx_stock_broker.broker.MainVerticle - Info...
2026-06-06 09:52:09,342 [vert.x-eventloop-thread-1] INFO com.javalord.vertx_stock_broker.broker.RestApiVerticle - Retrieved configuration: BrokerConfig(serverPort=10000)
2026-06-06 09:52:09,342 [vert.x-eventloop-thread-2] INFO com.javalord.vertx_stock_broker.broker.RestApiVerticle - Retrieved configuration: BrokerConfig(serverPort=10000)
2026-06-06 09:52:09,342 [vert.x-eventloop-thread-4] INFO com.javalord.vertx_stock_broker.broker.RestApiVerticle - Retrieved configuration: BrokerConfig(serverPort=10000)
2026-06-06 09:52:09,342 [vert.x-eventloop-thread-3] INFO com.javalord.vertx_stock_broker.broker.RestApiVerticle - Retrieved configuration: BrokerConfig(serverPort=10000)
2026-06-06 09:52:09,461 [vert.x-eventloop-thread-1] INFO com.javalord.vertx_stock_broker.broker.RestApiVerticle - HTTP server started on port 10000
2026-06-06 09:52:09,461 [vert.x-eventloop-thread-0] INFO com.javalord.vertx_stock_broker.broker.MainVerticle - Deployed RestApiVerticle with id 2
2026-06-06 09:52:09,461 [vert.x-eventloop-thread-4] INFO com.javalord.vertx_stock_broker.broker.RestApiVerticle - HTTP server started on port 10000
2026-06-06 09:52:09,461 [vert.x-eventloop-thread-2] INFO com.javalord.vertx_stock_broker.broker.RestApiVerticle - HTTP server started on port 10000
2026-06-06 09:52:09,461 [vert.x-eventloop-thread-3] INFO com.javalord.vertx_stock_broker.broker.RestApiVerticle - HTTP server started on port 10000
2026-06-06 09:52:09,462 [vert.x-eventloop-thread-5] INFO com.javalord.vertx_stock_broker.broker.MainVerticle - Deployed MainVerticle with id 1
2026-06-06 09:53:28,655 [main] INFO com.javalord.vertx_stock_broker.broker.MainVerticle - Info...
2026-06-06 09:53:29,238 [vert.x-eventloop-thread-2] INFO com.javalord.vertx_stock_broker.broker.RestApiVerticle - Retrieved configuration: BrokerConfig(serverPort=10000)
2026-06-06 09:53:29,238 [vert.x-eventloop-thread-1] INFO com.javalord.vertx_stock_broker.broker.RestApiVerticle - Retrieved configuration: BrokerConfig(serverPort=10000)
2026-06-06 09:53:29,238 [vert.x-eventloop-thread-4] INFO com.javalord.vertx_stock_broker.broker.RestApiVerticle - Retrieved configuration: BrokerConfig(serverPort=10000)
2026-06-06 09:53:29,238 [vert.x-eventloop-thread-3] INFO com.javalord.vertx_stock_broker.broker.RestApiVerticle - Retrieved configuration: BrokerConfig(serverPort=10000)
2026-06-06 09:53:29,355 [vert.x-eventloop-thread-2] INFO com.javalord.vertx_stock_broker.broker.RestApiVerticle - HTTP server started on port 10000
2026-06-06 09:53:29,355 [vert.x-eventloop-thread-0] INFO com.javalord.vertx_stock_broker.broker.MainVerticle - Deployed RestApiVerticle with id 2
2026-06-06 09:53:29,356 [vert.x-eventloop-thread-1] INFO com.javalord.vertx_stock_broker.broker.RestApiVerticle - HTTP server started on port 10000
2026-06-06 09:53:29,356 [vert.x-eventloop-thread-4] INFO com.javalord.vertx_stock_broker.broker.RestApiVerticle - HTTP server started on port 10000
2026-06-06 09:53:29,356 [vert.x-eventloop-thread-3] INFO com.javalord.vertx_stock_broker.broker.RestApiVerticle - HTTP server started on port 10000
2026-06-06 09:53:29,356 [vert.x-eventloop-thread-5] INFO com.javalord.vertx_stock_broker.broker.MainVerticle - Deployed MainVerticle with id 1
2026-06-06 09:54:02,048 [main] INFO com.javalord.vertx_stock_broker.broker.MainVerticle - Info...
2026-06-06 09:54:02,613 [vert.x-eventloop-thread-1] INFO com.javalord.vertx_stock_broker.broker.RestApiVerticle - Config port not found at null
2026-06-06 09:54:02,613 [vert.x-eventloop-thread-3] INFO com.javalord.vertx_stock_broker.broker.RestApiVerticle - Config port not found at null
2026-06-06 09:54:02,613 [vert.x-eventloop-thread-2] INFO com.javalord.vertx_stock_broker.broker.RestApiVerticle - Config port not found at null
2026-06-06 09:54:02,613 [vert.x-eventloop-thread-4] INFO com.javalord.vertx_stock_broker.broker.RestApiVerticle - Config port not found at null
2026-06-06 09:59:08,095 [main] INFO com.javalord.vertx_stock_broker.broker.MainVerticle - Info...
2026-06-06 09:59:08,736 [vert.x-eventloop-thread-4] INFO com.javalord.vertx_stock_broker.broker.RestApiVerticle - Retrieved configuration: BrokerConfig(serverPort=12000)
2026-06-06 09:59:08,736 [vert.x-eventloop-thread-1] INFO com.javalord.vertx_stock_broker.broker.RestApiVerticle - Retrieved configuration: BrokerConfig(serverPort=12000)
2026-06-06 09:59:08,736 [vert.x-eventloop-thread-2] INFO com.javalord.vertx_stock_broker.broker.RestApiVerticle - Retrieved configuration: BrokerConfig(serverPort=12000)
2026-06-06 09:59:08,736 [vert.x-eventloop-thread-3] INFO com.javalord.vertx_stock_broker.broker.RestApiVerticle - Retrieved configuration: BrokerConfig(serverPort=12000)
2026-06-06 09:59:08,864 [vert.x-eventloop-thread-0] INFO com.javalord.vertx_stock_broker.broker.MainVerticle - Deployed RestApiVerticle with id 2
2026-06-06 09:59:08,865 [vert.x-eventloop-thread-5] INFO com.javalord.vertx_stock_broker.broker.MainVerticle - Deployed MainVerticle with id 1
2026-06-06 09:59:08,866 [vert.x-eventloop-thread-4] INFO com.javalord.vertx_stock_broker.broker.RestApiVerticle - HTTP server started on port 12000
2026-06-06 09:59:08,867 [vert.x-eventloop-thread-2] INFO com.javalord.vertx_stock_broker.broker.RestApiVerticle - HTTP server started on port 12000
2026-06-06 09:59:08,867 [vert.x-eventloop-thread-3] INFO com.javalord.vertx_stock_broker.broker.RestApiVerticle - HTTP server started on port 12000
2026-06-06 09:59:08,867 [vert.x-eventloop-thread-1] INFO com.javalord.vertx_stock_broker.broker.RestApiVerticle - HTTP server started on port 12000
2026-06-06 10:02:17,321 [main] INFO com.javalord.vertx_stock_broker.broker.MainVerticle - Info...
2026-06-06 10:02:18,018 [vert.x-eventloop-thread-2] INFO com.javalord.vertx_stock_broker.broker.RestApiVerticle - Retrieved configuration: BrokerConfig(serverPort=12000)
2026-06-06 10:02:18,018 [vert.x-eventloop-thread-1] INFO com.javalord.vertx_stock_broker.broker.RestApiVerticle - Retrieved configuration: BrokerConfig(serverPort=12000)
2026-06-06 10:02:18,018 [vert.x-eventloop-thread-3] INFO com.javalord.vertx_stock_broker.broker.RestApiVerticle - Retrieved configuration: BrokerConfig(serverPort=12000)
2026-06-06 10:02:18,018 [vert.x-eventloop-thread-4] INFO com.javalord.vertx_stock_broker.broker.RestApiVerticle - Retrieved configuration: BrokerConfig(serverPort=12000)
2026-06-06 10:02:18,188 [vert.x-eventloop-thread-3] INFO com.javalord.vertx_stock_broker.broker.RestApiVerticle - HTTP server started on port 12000
2026-06-06 10:02:18,188 [vert.x-eventloop-thread-0] INFO com.javalord.vertx_stock_broker.broker.MainVerticle - Deployed RestApiVerticle with id 2
2026-06-06 10:02:18,188 [vert.x-eventloop-thread-1] INFO com.javalord.vertx_stock_broker.broker.RestApiVerticle - HTTP server started on port 12000
2026-06-06 10:02:18,188 [vert.x-eventloop-thread-2] INFO com.javalord.vertx_stock_broker.broker.RestApiVerticle - HTTP server started on port 12000
2026-06-06 10:02:18,188 [vert.x-eventloop-thread-4] INFO com.javalord.vertx_stock_broker.broker.RestApiVerticle - HTTP server started on port 12000
2026-06-06 10:02:18,189 [vert.x-eventloop-thread-5] INFO com.javalord.vertx_stock_broker.broker.MainVerticle - Deployed MainVerticle with id 1
2026-06-06 11:24:19,963 [main] INFO com.javalord.vertx_stock_broker.broker.MainVerticle - Info...
2026-06-06 11:24:20,311 [vert.x-eventloop-thread-0] INFO com.javalord.vertx_stock_broker.broker.MainVerticle - Deployment failed
2026-06-06 11:25:10,347 [main] INFO com.javalord.vertx_stock_broker.broker.MainVerticle - Info...
2026-06-06 11:25:10,651 [vert.x-eventloop-thread-0] INFO com.javalord.vertx_stock_broker.broker.MainVerticle - Deployment failed
2026-06-06 11:25:10,652 [vert.x-eventloop-thread-5] INFO com.javalord.vertx_stock_broker.broker.MainVerticle - unknown configuration format: yaml (supported formats are: [json, raw, properties]
2026-06-06 11:28:38,711 [main] INFO com.javalord.vertx_stock_broker.broker.MainVerticle - Info...
2026-06-06 11:28:39,488 [vert.x-eventloop-thread-4] INFO com.javalord.vertx_stock_broker.broker.RestApiVerticle - Retrieved configuration: BrokerConfig(serverPort=12000, version=1.0)
2026-06-06 11:28:39,488 [vert.x-eventloop-thread-1] INFO com.javalord.vertx_stock_broker.broker.RestApiVerticle - Retrieved configuration: BrokerConfig(serverPort=12000, version=1.0)
2026-06-06 11:28:39,488 [vert.x-eventloop-thread-3] INFO com.javalord.vertx_stock_broker.broker.RestApiVerticle - Retrieved configuration: BrokerConfig(serverPort=12000, version=1.0)
2026-06-06 11:28:39,488 [vert.x-eventloop-thread-2] INFO com.javalord.vertx_stock_broker.broker.RestApiVerticle - Retrieved configuration: BrokerConfig(serverPort=12000, version=1.0)
2026-06-06 11:28:39,627 [vert.x-eventloop-thread-4] INFO com.javalord.vertx_stock_broker.broker.RestApiVerticle - HTTP server started on port 12000
2026-06-06 11:28:39,627 [vert.x-eventloop-thread-0] INFO com.javalord.vertx_stock_broker.broker.MainVerticle - Deployed RestApiVerticle with id 2
2026-06-06 11:28:39,628 [vert.x-eventloop-thread-2] INFO com.javalord.vertx_stock_broker.broker.RestApiVerticle - HTTP server started on port 12000
2026-06-06 11:28:39,628 [vert.x-eventloop-thread-1] INFO com.javalord.vertx_stock_broker.broker.RestApiVerticle - HTTP server started on port 12000
2026-06-06 11:28:39,628 [vert.x-eventloop-thread-3] INFO com.javalord.vertx_stock_broker.broker.RestApiVerticle - HTTP server started on port 12000
2026-06-06 11:28:39,629 [vert.x-eventloop-thread-5] INFO com.javalord.vertx_stock_broker.broker.MainVerticle - Deployed MainVerticle with id 1
2026-06-06 17:43:52,516 [main] INFO com.javalord.vertx_stock_broker.broker.MainVerticle - Info...
2026-06-06 17:43:53,166 [vert.x-eventloop-thread-2] INFO com.javalord.vertx_stock_broker.broker.RestApiVerticle - Retrieved configuration: BrokerConfig(serverPort=12000, version=1.0, dbConfig=DbConfig(host=localhost, port=5432, database=vertx-stock-broker, user=postgres, password=Chris@24))
2026-06-06 17:43:53,166 [vert.x-eventloop-thread-4] INFO com.javalord.vertx_stock_broker.broker.RestApiVerticle - Retrieved configuration: BrokerConfig(serverPort=12000, version=1.0, dbConfig=DbConfig(host=localhost, port=5432, database=vertx-stock-broker, user=postgres, password=Chris@24))
2026-06-06 17:43:53,166 [vert.x-eventloop-thread-1] INFO com.javalord.vertx_stock_broker.broker.RestApiVerticle - Retrieved configuration: BrokerConfig(serverPort=12000, version=1.0, dbConfig=DbConfig(host=localhost, port=5432, database=vertx-stock-broker, user=postgres, password=Chris@24))
2026-06-06 17:43:53,166 [vert.x-eventloop-thread-3] INFO com.javalord.vertx_stock_broker.broker.RestApiVerticle - Retrieved configuration: BrokerConfig(serverPort=12000, version=1.0, dbConfig=DbConfig(host=localhost, port=5432, database=vertx-stock-broker, user=postgres, password=Chris@24))
2026-06-06 17:43:53,277 [vert.x-eventloop-thread-0] INFO com.javalord.vertx_stock_broker.broker.MainVerticle - Deployed RestApiVerticle with id 2
2026-06-06 17:43:53,278 [vert.x-eventloop-thread-1] INFO com.javalord.vertx_stock_broker.broker.RestApiVerticle - HTTP server started on port 12000
2026-06-06 17:43:53,279 [vert.x-eventloop-thread-3] INFO com.javalord.vertx_stock_broker.broker.RestApiVerticle - HTTP server started on port 12000
2026-06-06 17:43:53,279 [vert.x-eventloop-thread-2] INFO com.javalord.vertx_stock_broker.broker.RestApiVerticle - HTTP server started on port 12000
2026-06-06 17:43:53,279 [vert.x-eventloop-thread-4] INFO com.javalord.vertx_stock_broker.broker.RestApiVerticle - HTTP server started on port 12000
2026-06-06 17:43:53,281 [vert.x-eventloop-thread-5] WARN io.vertx.core.impl.VertxImpl - You're already on a Vert.x context, are you sure you want to create a new Vertx instance?
2026-06-06 17:43:53,313 [vert.x-eventloop-thread-5] ERROR io.vertx.core.impl.ContextImpl - Unhandled exception
java.lang.NullPointerException: Cannot invoke "io.vertx.core.impl.future.FutureBase.addListener(io.vertx.core.Completable)" because "future" is null
	at io.vertx.core.impl.future.Composition.complete(Composition.java:48)
	at io.vertx.core.impl.future.FutureImpl$ListenerArray.complete(FutureImpl.java:188)
	at io.vertx.core.impl.future.FutureBase.emitResult(FutureBase.java:94)
	at io.vertx.core.impl.future.FutureBase.emitResult(FutureBase.java:85)
	at io.vertx.core.impl.future.FutureImpl.completeInternal(FutureImpl.java:137)
	at io.vertx.core.impl.future.Mapping.complete(Mapping.java:45)
	at io.vertx.core.impl.future.FutureBase$EmitResultTask.run(FutureBase.java:125)
	at io.netty.util.concurrent.AbstractEventExecutor.runTask(AbstractEventExecutor.java:148)
	at io.netty.util.concurrent.AbstractEventExecutor.safeExecute(AbstractEventExecutor.java:141)
	at io.netty.util.concurrent.SingleThreadEventExecutor.runAllTasks(SingleThreadEventExecutor.java:535)
	at io.netty.channel.SingleThreadIoEventLoop.run(SingleThreadIoEventLoop.java:201)
	at io.netty.util.concurrent.SingleThreadEventExecutor$5.run(SingleThreadEventExecutor.java:1195)
	at io.netty.util.internal.ThreadExecutorMap$2.run(ThreadExecutorMap.java:74)
	at io.netty.util.concurrent.FastThreadLocalRunnable.run(FastThreadLocalRunnable.java:30)
	at java.base/java.lang.Thread.run(Thread.java:1474)
2026-06-06 17:43:53,322 [vert.x-worker-thread-1] INFO com.javalord.vertx_stock_broker.broker.db.migration.FlywayMigration - Migrating DB schema using jdbc url: jdbc:postgresql://localhost:5432/vertx-stock-broker
2026-06-06 17:43:53,365 [vert.x-eventloop-thread-0] ERROR com.javalord.vertx_stock_broker.broker.db.migration.FlywayMigration - Database migration failed
org.flywaydb.core.api.FlywayException: No Flyway database plugin found to handle jdbc:postgresql://localhost:5432/vertx-stock-broker. See https://rd.gt/423f9a6 for troubleshooting
	at org.flywaydb.core.internal.jdbc.DriverDataSource.<init>(DriverDataSource.java:120)
	at org.flywaydb.core.internal.jdbc.DriverDataSource.<init>(DriverDataSource.java:97)
	at org.flywaydb.core.api.configuration.ClassicConfiguration.setDataSource(ClassicConfiguration.java:1535)
	at org.flywaydb.core.api.configuration.FluentConfiguration.dataSource(FluentConfiguration.java:671)
	at com.javalord.vertx_stock_broker.broker.db.migration.FlywayMigration.excute(FlywayMigration.java:43)
	at com.javalord.vertx_stock_broker.broker.db.migration.FlywayMigration.lambda$migrate$0(FlywayMigration.java:24)
	at io.vertx.core.impl.ExecuteBlocking$1.execute(ExecuteBlocking.java:36)
	at io.vertx.core.impl.WorkerTask.run(WorkerTask.java:57)
	at io.vertx.core.impl.TaskQueue.run(TaskQueue.java:86)
	at java.base/java.util.concurrent.ThreadPoolExecutor.runWorker(ThreadPoolExecutor.java:1090)
	at java.base/java.util.concurrent.ThreadPoolExecutor$Worker.run(ThreadPoolExecutor.java:614)
	at io.netty.util.concurrent.FastThreadLocalRunnable.run(FastThreadLocalRunnable.java:30)
	at java.base/java.lang.Thread.run(Thread.java:1474)
2026-06-06 17:46:58,433 [main] INFO com.javalord.vertx_stock_broker.broker.MainVerticle - Info...
2026-06-06 17:46:59,194 [vert.x-eventloop-thread-1] INFO com.javalord.vertx_stock_broker.broker.RestApiVerticle - Retrieved configuration: BrokerConfig(serverPort=12000, version=1.0, dbConfig=DbConfig(host=localhost, port=5432, database=vertx-stock-broker, user=postgres, password=Chris@24))
2026-06-06 17:46:59,194 [vert.x-eventloop-thread-2] INFO com.javalord.vertx_stock_broker.broker.RestApiVerticle - Retrieved configuration: BrokerConfig(serverPort=12000, version=1.0, dbConfig=DbConfig(host=localhost, port=5432, database=vertx-stock-broker, user=postgres, password=Chris@24))
2026-06-06 17:46:59,194 [vert.x-eventloop-thread-3] INFO com.javalord.vertx_stock_broker.broker.RestApiVerticle - Retrieved configuration: BrokerConfig(serverPort=12000, version=1.0, dbConfig=DbConfig(host=localhost, port=5432, database=vertx-stock-broker, user=postgres, password=Chris@24))
2026-06-06 17:46:59,194 [vert.x-eventloop-thread-4] INFO com.javalord.vertx_stock_broker.broker.RestApiVerticle - Retrieved configuration: BrokerConfig(serverPort=12000, version=1.0, dbConfig=DbConfig(host=localhost, port=5432, database=vertx-stock-broker, user=postgres, password=Chris@24))
2026-06-06 17:46:59,326 [vert.x-eventloop-thread-0] INFO com.javalord.vertx_stock_broker.broker.MainVerticle - Deployed RestApiVerticle with id 2
2026-06-06 17:46:59,327 [vert.x-eventloop-thread-1] INFO com.javalord.vertx_stock_broker.broker.RestApiVerticle - HTTP server started on port 12000
2026-06-06 17:46:59,328 [vert.x-eventloop-thread-4] INFO com.javalord.vertx_stock_broker.broker.RestApiVerticle - HTTP server started on port 12000
2026-06-06 17:46:59,328 [vert.x-eventloop-thread-3] INFO com.javalord.vertx_stock_broker.broker.RestApiVerticle - HTTP server started on port 12000
2026-06-06 17:46:59,328 [vert.x-eventloop-thread-2] INFO com.javalord.vertx_stock_broker.broker.RestApiVerticle - HTTP server started on port 12000
2026-06-06 17:46:59,330 [vert.x-eventloop-thread-5] WARN io.vertx.core.impl.VertxImpl - You're already on a Vert.x context, are you sure you want to create a new Vertx instance?
2026-06-06 17:46:59,378 [vert.x-eventloop-thread-5] ERROR io.vertx.core.impl.ContextImpl - Unhandled exception
java.lang.NullPointerException: Cannot invoke "io.vertx.core.impl.future.FutureBase.addListener(io.vertx.core.Completable)" because "future" is null
	at io.vertx.core.impl.future.Composition.complete(Composition.java:48)
	at io.vertx.core.impl.future.FutureImpl$ListenerArray.complete(FutureImpl.java:188)
	at io.vertx.core.impl.future.FutureBase.emitResult(FutureBase.java:94)
	at io.vertx.core.impl.future.FutureBase.emitResult(FutureBase.java:85)
	at io.vertx.core.impl.future.FutureImpl.completeInternal(FutureImpl.java:137)
	at io.vertx.core.impl.future.Mapping.complete(Mapping.java:45)
	at io.vertx.core.impl.future.FutureBase$EmitResultTask.run(FutureBase.java:125)
	at io.netty.util.concurrent.AbstractEventExecutor.runTask(AbstractEventExecutor.java:148)
	at io.netty.util.concurrent.AbstractEventExecutor.safeExecute(AbstractEventExecutor.java:141)
	at io.netty.util.concurrent.SingleThreadEventExecutor.runAllTasks(SingleThreadEventExecutor.java:535)
	at io.netty.channel.SingleThreadIoEventLoop.run(SingleThreadIoEventLoop.java:201)
	at io.netty.util.concurrent.SingleThreadEventExecutor$5.run(SingleThreadEventExecutor.java:1195)
	at io.netty.util.internal.ThreadExecutorMap$2.run(ThreadExecutorMap.java:74)
	at io.netty.util.concurrent.FastThreadLocalRunnable.run(FastThreadLocalRunnable.java:30)
	at java.base/java.lang.Thread.run(Thread.java:1474)
2026-06-06 17:46:59,389 [vert.x-worker-thread-1] INFO com.javalord.vertx_stock_broker.broker.db.migration.FlywayMigration - Migrating DB schema using jdbc url: jdbc:postgresql://localhost:5432/vertx-stock-broker
2026-06-06 17:46:59,475 [vert.x-eventloop-thread-0] ERROR com.javalord.vertx_stock_broker.broker.db.migration.FlywayMigration - Database migration failed
org.flywaydb.core.api.FlywayException: No Flyway database plugin found to handle jdbc:postgresql://localhost:5432/vertx-stock-broker. See https://rd.gt/423f9a6 for troubleshooting
	at org.flywaydb.core.internal.jdbc.DriverDataSource.<init>(DriverDataSource.java:120)
	at org.flywaydb.core.internal.jdbc.DriverDataSource.<init>(DriverDataSource.java:97)
	at org.flywaydb.core.api.configuration.ClassicConfiguration.setDataSource(ClassicConfiguration.java:1535)
	at org.flywaydb.core.api.configuration.FluentConfiguration.dataSource(FluentConfiguration.java:671)
	at com.javalord.vertx_stock_broker.broker.db.migration.FlywayMigration.excute(FlywayMigration.java:43)
	at com.javalord.vertx_stock_broker.broker.db.migration.FlywayMigration.lambda$migrate$0(FlywayMigration.java:24)
	at io.vertx.core.impl.ExecuteBlocking$1.execute(ExecuteBlocking.java:36)
	at io.vertx.core.impl.WorkerTask.run(WorkerTask.java:57)
	at io.vertx.core.impl.TaskQueue.run(TaskQueue.java:86)
	at java.base/java.util.concurrent.ThreadPoolExecutor.runWorker(ThreadPoolExecutor.java:1090)
	at java.base/java.util.concurrent.ThreadPoolExecutor$Worker.run(ThreadPoolExecutor.java:614)
	at io.netty.util.concurrent.FastThreadLocalRunnable.run(FastThreadLocalRunnable.java:30)
	at java.base/java.lang.Thread.run(Thread.java:1474)
2026-06-06 17:47:31,688 [main] INFO com.javalord.vertx_stock_broker.broker.MainVerticle - Info...
2026-06-06 17:47:32,329 [vert.x-eventloop-thread-2] INFO com.javalord.vertx_stock_broker.broker.RestApiVerticle - Retrieved configuration: BrokerConfig(serverPort=12000, version=1.0, dbConfig=DbConfig(host=localhost, port=5432, database=vertx-stock-broker, user=postgres, password=chris))
2026-06-06 17:47:32,329 [vert.x-eventloop-thread-1] INFO com.javalord.vertx_stock_broker.broker.RestApiVerticle - Retrieved configuration: BrokerConfig(serverPort=12000, version=1.0, dbConfig=DbConfig(host=localhost, port=5432, database=vertx-stock-broker, user=postgres, password=chris))
2026-06-06 17:47:32,329 [vert.x-eventloop-thread-3] INFO com.javalord.vertx_stock_broker.broker.RestApiVerticle - Retrieved configuration: BrokerConfig(serverPort=12000, version=1.0, dbConfig=DbConfig(host=localhost, port=5432, database=vertx-stock-broker, user=postgres, password=chris))
2026-06-06 17:47:32,329 [vert.x-eventloop-thread-4] INFO com.javalord.vertx_stock_broker.broker.RestApiVerticle - Retrieved configuration: BrokerConfig(serverPort=12000, version=1.0, dbConfig=DbConfig(host=localhost, port=5432, database=vertx-stock-broker, user=postgres, password=chris))
2026-06-06 17:47:32,445 [vert.x-eventloop-thread-0] INFO com.javalord.vertx_stock_broker.broker.MainVerticle - Deployed RestApiVerticle with id 2
2026-06-06 17:47:32,446 [vert.x-eventloop-thread-3] INFO com.javalord.vertx_stock_broker.broker.RestApiVerticle - HTTP server started on port 12000
2026-06-06 17:47:32,446 [vert.x-eventloop-thread-1] INFO com.javalord.vertx_stock_broker.broker.RestApiVerticle - HTTP server started on port 12000
2026-06-06 17:47:32,446 [vert.x-eventloop-thread-4] INFO com.javalord.vertx_stock_broker.broker.RestApiVerticle - HTTP server started on port 12000
2026-06-06 17:47:32,446 [vert.x-eventloop-thread-2] INFO com.javalord.vertx_stock_broker.broker.RestApiVerticle - HTTP server started on port 12000
2026-06-06 17:47:32,448 [vert.x-eventloop-thread-5] WARN io.vertx.core.impl.VertxImpl - You're already on a Vert.x context, are you sure you want to create a new Vertx instance?
2026-06-06 17:47:32,481 [vert.x-eventloop-thread-5] ERROR io.vertx.core.impl.ContextImpl - Unhandled exception
java.lang.NullPointerException: Cannot invoke "io.vertx.core.impl.future.FutureBase.addListener(io.vertx.core.Completable)" because "future" is null
	at io.vertx.core.impl.future.Composition.complete(Composition.java:48)
	at io.vertx.core.impl.future.FutureImpl$ListenerArray.complete(FutureImpl.java:188)
	at io.vertx.core.impl.future.FutureBase.emitResult(FutureBase.java:94)
	at io.vertx.core.impl.future.FutureBase.emitResult(FutureBase.java:85)
	at io.vertx.core.impl.future.FutureImpl.completeInternal(FutureImpl.java:137)
	at io.vertx.core.impl.future.Mapping.complete(Mapping.java:45)
	at io.vertx.core.impl.future.FutureBase$EmitResultTask.run(FutureBase.java:125)
	at io.netty.util.concurrent.AbstractEventExecutor.runTask(AbstractEventExecutor.java:148)
	at io.netty.util.concurrent.AbstractEventExecutor.safeExecute(AbstractEventExecutor.java:141)
	at io.netty.util.concurrent.SingleThreadEventExecutor.runAllTasks(SingleThreadEventExecutor.java:535)
	at io.netty.channel.SingleThreadIoEventLoop.run(SingleThreadIoEventLoop.java:201)
	at io.netty.util.concurrent.SingleThreadEventExecutor$5.run(SingleThreadEventExecutor.java:1195)
	at io.netty.util.internal.ThreadExecutorMap$2.run(ThreadExecutorMap.java:74)
	at io.netty.util.concurrent.FastThreadLocalRunnable.run(FastThreadLocalRunnable.java:30)
	at java.base/java.lang.Thread.run(Thread.java:1474)
2026-06-06 17:47:32,490 [vert.x-worker-thread-1] INFO com.javalord.vertx_stock_broker.broker.db.migration.FlywayMigration - Migrating DB schema using jdbc url: jdbc:postgresql://localhost:5432/vertx-stock-broker
2026-06-06 17:47:32,533 [vert.x-eventloop-thread-0] ERROR com.javalord.vertx_stock_broker.broker.db.migration.FlywayMigration - Database migration failed
org.flywaydb.core.api.FlywayException: No Flyway database plugin found to handle jdbc:postgresql://localhost:5432/vertx-stock-broker. See https://rd.gt/423f9a6 for troubleshooting
	at org.flywaydb.core.internal.jdbc.DriverDataSource.<init>(DriverDataSource.java:120)
	at org.flywaydb.core.internal.jdbc.DriverDataSource.<init>(DriverDataSource.java:97)
	at org.flywaydb.core.api.configuration.ClassicConfiguration.setDataSource(ClassicConfiguration.java:1535)
	at org.flywaydb.core.api.configuration.FluentConfiguration.dataSource(FluentConfiguration.java:671)
	at com.javalord.vertx_stock_broker.broker.db.migration.FlywayMigration.excute(FlywayMigration.java:43)
	at com.javalord.vertx_stock_broker.broker.db.migration.FlywayMigration.lambda$migrate$0(FlywayMigration.java:24)
	at io.vertx.core.impl.ExecuteBlocking$1.execute(ExecuteBlocking.java:36)
	at io.vertx.core.impl.WorkerTask.run(WorkerTask.java:57)
	at io.vertx.core.impl.TaskQueue.run(TaskQueue.java:86)
	at java.base/java.util.concurrent.ThreadPoolExecutor.runWorker(ThreadPoolExecutor.java:1090)
	at java.base/java.util.concurrent.ThreadPoolExecutor$Worker.run(ThreadPoolExecutor.java:614)
	at io.netty.util.concurrent.FastThreadLocalRunnable.run(FastThreadLocalRunnable.java:30)
	at java.base/java.lang.Thread.run(Thread.java:1474)
2026-06-06 17:49:37,853 [main] INFO com.javalord.vertx_stock_broker.broker.MainVerticle - Info...
2026-06-06 17:49:38,493 [vert.x-eventloop-thread-1] INFO com.javalord.vertx_stock_broker.broker.RestApiVerticle - Retrieved configuration: BrokerConfig(serverPort=12000, version=1.0, dbConfig=DbConfig(host=localhost, port=5432, database=vertx-stock-broker, user=postgres, password=chris))
2026-06-06 17:49:38,493 [vert.x-eventloop-thread-2] INFO com.javalord.vertx_stock_broker.broker.RestApiVerticle - Retrieved configuration: BrokerConfig(serverPort=12000, version=1.0, dbConfig=DbConfig(host=localhost, port=5432, database=vertx-stock-broker, user=postgres, password=chris))
2026-06-06 17:49:38,493 [vert.x-eventloop-thread-4] INFO com.javalord.vertx_stock_broker.broker.RestApiVerticle - Retrieved configuration: BrokerConfig(serverPort=12000, version=1.0, dbConfig=DbConfig(host=localhost, port=5432, database=vertx-stock-broker, user=postgres, password=chris))
2026-06-06 17:49:38,493 [vert.x-eventloop-thread-3] INFO com.javalord.vertx_stock_broker.broker.RestApiVerticle - Retrieved configuration: BrokerConfig(serverPort=12000, version=1.0, dbConfig=DbConfig(host=localhost, port=5432, database=vertx-stock-broker, user=postgres, password=chris))
2026-06-06 17:49:38,607 [vert.x-eventloop-thread-0] INFO com.javalord.vertx_stock_broker.broker.MainVerticle - Deployed RestApiVerticle with id 2
2026-06-06 17:49:38,608 [vert.x-eventloop-thread-1] INFO com.javalord.vertx_stock_broker.broker.RestApiVerticle - HTTP server started on port 12000
2026-06-06 17:49:38,608 [vert.x-eventloop-thread-4] INFO com.javalord.vertx_stock_broker.broker.RestApiVerticle - HTTP server started on port 12000
2026-06-06 17:49:38,608 [vert.x-eventloop-thread-3] INFO com.javalord.vertx_stock_broker.broker.RestApiVerticle - HTTP server started on port 12000
2026-06-06 17:49:38,608 [vert.x-eventloop-thread-2] INFO com.javalord.vertx_stock_broker.broker.RestApiVerticle - HTTP server started on port 12000
2026-06-06 17:49:38,610 [vert.x-eventloop-thread-5] WARN io.vertx.core.impl.VertxImpl - You're already on a Vert.x context, are you sure you want to create a new Vertx instance?
2026-06-06 17:49:38,642 [vert.x-eventloop-thread-5] ERROR io.vertx.core.impl.ContextImpl - Unhandled exception
java.lang.NullPointerException: Cannot invoke "io.vertx.core.impl.future.FutureBase.addListener(io.vertx.core.Completable)" because "future" is null
	at io.vertx.core.impl.future.Composition.complete(Composition.java:48)
	at io.vertx.core.impl.future.FutureImpl$ListenerArray.complete(FutureImpl.java:188)
	at io.vertx.core.impl.future.FutureBase.emitResult(FutureBase.java:94)
	at io.vertx.core.impl.future.FutureBase.emitResult(FutureBase.java:85)
	at io.vertx.core.impl.future.FutureImpl.completeInternal(FutureImpl.java:137)
	at io.vertx.core.impl.future.Mapping.complete(Mapping.java:45)
	at io.vertx.core.impl.future.FutureBase$EmitResultTask.run(FutureBase.java:125)
	at io.netty.util.concurrent.AbstractEventExecutor.runTask(AbstractEventExecutor.java:148)
	at io.netty.util.concurrent.AbstractEventExecutor.safeExecute(AbstractEventExecutor.java:141)
	at io.netty.util.concurrent.SingleThreadEventExecutor.runAllTasks(SingleThreadEventExecutor.java:535)
	at io.netty.channel.SingleThreadIoEventLoop.run(SingleThreadIoEventLoop.java:201)
	at io.netty.util.concurrent.SingleThreadEventExecutor$5.run(SingleThreadEventExecutor.java:1195)
	at io.netty.util.internal.ThreadExecutorMap$2.run(ThreadExecutorMap.java:74)
	at io.netty.util.concurrent.FastThreadLocalRunnable.run(FastThreadLocalRunnable.java:30)
	at java.base/java.lang.Thread.run(Thread.java:1474)
2026-06-06 17:49:38,651 [vert.x-worker-thread-1] INFO com.javalord.vertx_stock_broker.broker.db.migration.FlywayMigration - Migrating DB schema using jdbc url: jdbc:postgresql://localhost:5432/vertx-stock-broker
2026-06-06 17:49:38,691 [vert.x-eventloop-thread-0] ERROR com.javalord.vertx_stock_broker.broker.db.migration.FlywayMigration - Database migration failed
org.flywaydb.core.api.FlywayException: No Flyway database plugin found to handle jdbc:postgresql://localhost:5432/vertx-stock-broker. See https://rd.gt/423f9a6 for troubleshooting
	at org.flywaydb.core.internal.jdbc.DriverDataSource.<init>(DriverDataSource.java:120)
	at org.flywaydb.core.internal.jdbc.DriverDataSource.<init>(DriverDataSource.java:97)
	at org.flywaydb.core.api.configuration.ClassicConfiguration.setDataSource(ClassicConfiguration.java:1535)
	at org.flywaydb.core.api.configuration.FluentConfiguration.dataSource(FluentConfiguration.java:671)
	at com.javalord.vertx_stock_broker.broker.db.migration.FlywayMigration.excute(FlywayMigration.java:43)
	at com.javalord.vertx_stock_broker.broker.db.migration.FlywayMigration.lambda$migrate$0(FlywayMigration.java:24)
	at io.vertx.core.impl.ExecuteBlocking$1.execute(ExecuteBlocking.java:36)
	at io.vertx.core.impl.WorkerTask.run(WorkerTask.java:57)
	at io.vertx.core.impl.TaskQueue.run(TaskQueue.java:86)
	at java.base/java.util.concurrent.ThreadPoolExecutor.runWorker(ThreadPoolExecutor.java:1090)
	at java.base/java.util.concurrent.ThreadPoolExecutor$Worker.run(ThreadPoolExecutor.java:614)
	at io.netty.util.concurrent.FastThreadLocalRunnable.run(FastThreadLocalRunnable.java:30)
	at java.base/java.lang.Thread.run(Thread.java:1474)
2026-06-06 17:59:04,716 [main] INFO com.javalord.vertx_stock_broker.broker.MainVerticle - Info...
2026-06-06 17:59:05,363 [vert.x-eventloop-thread-3] INFO com.javalord.vertx_stock_broker.broker.RestApiVerticle - Retrieved configuration: BrokerConfig(serverPort=12000, version=1.0, dbConfig=DbConfig(host=localhost, port=5432, database=vertx-stock-broker, user=postgres, password=chris))
2026-06-06 17:59:05,363 [vert.x-eventloop-thread-1] INFO com.javalord.vertx_stock_broker.broker.RestApiVerticle - Retrieved configuration: BrokerConfig(serverPort=12000, version=1.0, dbConfig=DbConfig(host=localhost, port=5432, database=vertx-stock-broker, user=postgres, password=chris))
2026-06-06 17:59:05,363 [vert.x-eventloop-thread-4] INFO com.javalord.vertx_stock_broker.broker.RestApiVerticle - Retrieved configuration: BrokerConfig(serverPort=12000, version=1.0, dbConfig=DbConfig(host=localhost, port=5432, database=vertx-stock-broker, user=postgres, password=chris))
2026-06-06 17:59:05,363 [vert.x-eventloop-thread-2] INFO com.javalord.vertx_stock_broker.broker.RestApiVerticle - Retrieved configuration: BrokerConfig(serverPort=12000, version=1.0, dbConfig=DbConfig(host=localhost, port=5432, database=vertx-stock-broker, user=postgres, password=chris))
2026-06-06 17:59:05,473 [vert.x-eventloop-thread-0] INFO com.javalord.vertx_stock_broker.broker.MainVerticle - Deployed RestApiVerticle with id 2
2026-06-06 17:59:05,473 [vert.x-eventloop-thread-1] INFO com.javalord.vertx_stock_broker.broker.RestApiVerticle - HTTP server started on port 12000
2026-06-06 17:59:05,474 [vert.x-eventloop-thread-4] INFO com.javalord.vertx_stock_broker.broker.RestApiVerticle - HTTP server started on port 12000
2026-06-06 17:59:05,474 [vert.x-eventloop-thread-3] INFO com.javalord.vertx_stock_broker.broker.RestApiVerticle - HTTP server started on port 12000
2026-06-06 17:59:05,474 [vert.x-eventloop-thread-2] INFO com.javalord.vertx_stock_broker.broker.RestApiVerticle - HTTP server started on port 12000
2026-06-06 17:59:05,479 [vert.x-eventloop-thread-5] ERROR io.vertx.core.impl.ContextImpl - Unhandled exception
java.lang.NullPointerException: Cannot invoke "io.vertx.core.impl.future.FutureBase.addListener(io.vertx.core.Completable)" because "future" is null
	at io.vertx.core.impl.future.Composition.complete(Composition.java:48)
	at io.vertx.core.impl.future.FutureImpl$ListenerArray.complete(FutureImpl.java:188)
	at io.vertx.core.impl.future.FutureBase.emitResult(FutureBase.java:94)
	at io.vertx.core.impl.future.FutureBase.emitResult(FutureBase.java:85)
	at io.vertx.core.impl.future.FutureImpl.completeInternal(FutureImpl.java:137)
	at io.vertx.core.impl.future.Mapping.complete(Mapping.java:45)
	at io.vertx.core.impl.future.FutureBase$EmitResultTask.run(FutureBase.java:125)
	at io.netty.util.concurrent.AbstractEventExecutor.runTask(AbstractEventExecutor.java:148)
	at io.netty.util.concurrent.AbstractEventExecutor.safeExecute(AbstractEventExecutor.java:141)
	at io.netty.util.concurrent.SingleThreadEventExecutor.runAllTasks(SingleThreadEventExecutor.java:535)
	at io.netty.channel.SingleThreadIoEventLoop.run(SingleThreadIoEventLoop.java:201)
	at io.netty.util.concurrent.SingleThreadEventExecutor$5.run(SingleThreadEventExecutor.java:1195)
	at io.netty.util.internal.ThreadExecutorMap$2.run(ThreadExecutorMap.java:74)
	at io.netty.util.concurrent.FastThreadLocalRunnable.run(FastThreadLocalRunnable.java:30)
	at java.base/java.lang.Thread.run(Thread.java:1474)
2026-06-06 17:59:05,486 [vert.x-worker-thread-5] INFO com.javalord.vertx_stock_broker.broker.db.migration.FlywayMigration - Migrating DB schema using jdbc url: jdbc:postgresql://localhost:5432/vertx-stock-broker
2026-06-06 17:59:05,997 [vert.x-eventloop-thread-5] ERROR com.javalord.vertx_stock_broker.broker.db.migration.FlywayMigration - Database migration failed
org.flywaydb.core.internal.exception.sqlExceptions.FlywaySqlUnableToConnectToDbException: Unable to obtain connection from database (jdbc:postgresql://localhost:5432/vertx-stock-broker) for user 'postgres': FATAL: database "vertx-stock-broker" does not exist
------------------------------------------------------------------------------------------------------------------------------------------------------------------------
SQL State  : 3D000
Error Code : 0
Message    : FATAL: database "vertx-stock-broker" does not exist

	at org.flywaydb.core.internal.jdbc.JdbcUtils.openConnection(JdbcUtils.java:70)
	at org.flywaydb.core.internal.jdbc.JdbcConnectionFactory.<init>(JdbcConnectionFactory.java:76)
	at org.flywaydb.core.FlywayExecutor.execute(FlywayExecutor.java:142)
	at org.flywaydb.core.Flyway.info(Flyway.java:277)
	at com.javalord.vertx_stock_broker.broker.db.migration.FlywayMigration.excute(FlywayMigration.java:48)
	at com.javalord.vertx_stock_broker.broker.db.migration.FlywayMigration.lambda$migrate$0(FlywayMigration.java:24)
	at io.vertx.core.impl.ExecuteBlocking$1.execute(ExecuteBlocking.java:36)
	at io.vertx.core.impl.WorkerTask.run(WorkerTask.java:57)
	at io.vertx.core.impl.TaskQueue.run(TaskQueue.java:86)
	at java.base/java.util.concurrent.ThreadPoolExecutor.runWorker(ThreadPoolExecutor.java:1090)
	at java.base/java.util.concurrent.ThreadPoolExecutor$Worker.run(ThreadPoolExecutor.java:614)
	at io.netty.util.concurrent.FastThreadLocalRunnable.run(FastThreadLocalRunnable.java:30)
	at java.base/java.lang.Thread.run(Thread.java:1474)
Caused by: org.postgresql.util.PSQLException: FATAL: database "vertx-stock-broker" does not exist
	at org.postgresql.core.v3.QueryExecutorImpl.receiveErrorResponse(QueryExecutorImpl.java:2875)
	at org.postgresql.core.v3.QueryExecutorImpl.readStartupMessages(QueryExecutorImpl.java:3000)
	at org.postgresql.core.v3.QueryExecutorImpl.<init>(QueryExecutorImpl.java:235)
	at org.postgresql.core.v3.ConnectionFactoryImpl.openConnectionImpl(ConnectionFactoryImpl.java:344)
	at org.postgresql.core.ConnectionFactory.openConnection(ConnectionFactory.java:57)
	at org.postgresql.jdbc.PgConnection.<init>(PgConnection.java:290)
	at org.postgresql.Driver.makeConnection(Driver.java:448)
	at org.postgresql.Driver.connect(Driver.java:298)
	at org.flywaydb.core.internal.jdbc.DriverDataSource.getConnectionFromDriver(DriverDataSource.java:283)
	at org.flywaydb.core.internal.jdbc.DriverDataSource.getConnection(DriverDataSource.java:248)
	at org.flywaydb.core.internal.jdbc.JdbcUtils.openConnection(JdbcUtils.java:65)
	... 12 more
2026-06-06 18:00:15,999 [main] INFO com.javalord.vertx_stock_broker.broker.MainVerticle - Info...
2026-06-06 18:00:16,662 [vert.x-eventloop-thread-3] INFO com.javalord.vertx_stock_broker.broker.RestApiVerticle - Retrieved configuration: BrokerConfig(serverPort=12000, version=1.0, dbConfig=DbConfig(host=localhost, port=5432, database=vertx_stock_broker, user=postgres, password=chris))
2026-06-06 18:00:16,662 [vert.x-eventloop-thread-1] INFO com.javalord.vertx_stock_broker.broker.RestApiVerticle - Retrieved configuration: BrokerConfig(serverPort=12000, version=1.0, dbConfig=DbConfig(host=localhost, port=5432, database=vertx_stock_broker, user=postgres, password=chris))
2026-06-06 18:00:16,662 [vert.x-eventloop-thread-2] INFO com.javalord.vertx_stock_broker.broker.RestApiVerticle - Retrieved configuration: BrokerConfig(serverPort=12000, version=1.0, dbConfig=DbConfig(host=localhost, port=5432, database=vertx_stock_broker, user=postgres, password=chris))
2026-06-06 18:00:16,663 [vert.x-eventloop-thread-4] INFO com.javalord.vertx_stock_broker.broker.RestApiVerticle - Retrieved configuration: BrokerConfig(serverPort=12000, version=1.0, dbConfig=DbConfig(host=localhost, port=5432, database=vertx_stock_broker, user=postgres, password=chris))
2026-06-06 18:00:16,781 [vert.x-eventloop-thread-0] INFO com.javalord.vertx_stock_broker.broker.MainVerticle - Deployed RestApiVerticle with id 2
2026-06-06 18:00:16,782 [vert.x-eventloop-thread-1] INFO com.javalord.vertx_stock_broker.broker.RestApiVerticle - HTTP server started on port 12000
2026-06-06 18:00:16,782 [vert.x-eventloop-thread-3] INFO com.javalord.vertx_stock_broker.broker.RestApiVerticle - HTTP server started on port 12000
2026-06-06 18:00:16,782 [vert.x-eventloop-thread-4] INFO com.javalord.vertx_stock_broker.broker.RestApiVerticle - HTTP server started on port 12000
2026-06-06 18:00:16,782 [vert.x-eventloop-thread-2] INFO com.javalord.vertx_stock_broker.broker.RestApiVerticle - HTTP server started on port 12000
2026-06-06 18:00:16,787 [vert.x-eventloop-thread-5] ERROR io.vertx.core.impl.ContextImpl - Unhandled exception
java.lang.NullPointerException: Cannot invoke "io.vertx.core.impl.future.FutureBase.addListener(io.vertx.core.Completable)" because "future" is null
	at io.vertx.core.impl.future.Composition.complete(Composition.java:48)
	at io.vertx.core.impl.future.FutureImpl$ListenerArray.complete(FutureImpl.java:188)
	at io.vertx.core.impl.future.FutureBase.emitResult(FutureBase.java:94)
	at io.vertx.core.impl.future.FutureBase.emitResult(FutureBase.java:85)
	at io.vertx.core.impl.future.FutureImpl.completeInternal(FutureImpl.java:137)
	at io.vertx.core.impl.future.Mapping.complete(Mapping.java:45)
	at io.vertx.core.impl.future.FutureBase$EmitResultTask.run(FutureBase.java:125)
	at io.netty.util.concurrent.AbstractEventExecutor.runTask(AbstractEventExecutor.java:148)
	at io.netty.util.concurrent.AbstractEventExecutor.safeExecute(AbstractEventExecutor.java:141)
	at io.netty.util.concurrent.SingleThreadEventExecutor.runAllTasks(SingleThreadEventExecutor.java:535)
	at io.netty.channel.SingleThreadIoEventLoop.run(SingleThreadIoEventLoop.java:201)
	at io.netty.util.concurrent.SingleThreadEventExecutor$5.run(SingleThreadEventExecutor.java:1195)
	at io.netty.util.internal.ThreadExecutorMap$2.run(ThreadExecutorMap.java:74)
	at io.netty.util.concurrent.FastThreadLocalRunnable.run(FastThreadLocalRunnable.java:30)
	at java.base/java.lang.Thread.run(Thread.java:1474)
2026-06-06 18:00:16,795 [vert.x-worker-thread-5] INFO com.javalord.vertx_stock_broker.broker.db.migration.FlywayMigration - Migrating DB schema using jdbc url: jdbc:postgresql://localhost:5432/vertx_stock_broker
2026-06-06 18:00:17,306 [vert.x-worker-thread-5] INFO org.flywaydb.core.FlywayExecutor - Database: jdbc:postgresql://localhost:5432/vertx_stock_broker (PostgreSQL 18.1)
2026-06-06 18:00:17,350 [vert.x-worker-thread-5] INFO org.flywaydb.core.internal.schemahistory.JdbcTableSchemaHistory - Schema history table "broker"."flyway_schema_history" does not exist yet
2026-06-06 18:00:17,554 [vert.x-worker-thread-5] INFO org.flywaydb.core.internal.schemahistory.JdbcTableSchemaHistory - Schema history table "broker"."flyway_schema_history" does not exist yet
2026-06-06 18:00:17,639 [vert.x-worker-thread-5] INFO com.javalord.vertx_stock_broker.broker.db.migration.FlywayMigration - Pending migrations are: []
2026-06-06 18:00:17,712 [vert.x-worker-thread-5] INFO org.flywaydb.core.internal.database.base.Schema - Creating schema "broker" ...
2026-06-06 18:00:17,722 [vert.x-worker-thread-5] INFO org.flywaydb.core.internal.schemahistory.JdbcTableSchemaHistory - Creating Schema History table "broker"."flyway_schema_history" ...
2026-06-06 18:00:18,059 [vert.x-worker-thread-5] INFO org.flywaydb.core.internal.command.DbMigrate - Current version of schema "broker": null
2026-06-06 18:00:18,063 [vert.x-worker-thread-5] INFO org.flywaydb.core.internal.command.DbMigrate - Schema "broker" is up to date. No migration necessary.
2026-06-06 18:00:18,067 [vert.x-eventloop-thread-5] INFO com.javalord.vertx_stock_broker.broker.db.migration.FlywayMigration - Database migration completed successfully
2026-06-06 21:21:11,309 [main] INFO com.javalord.vertx_stock_broker.broker.MainVerticle - Info...
2026-06-06 21:21:12,131 [vert.x-eventloop-thread-4] INFO com.javalord.vertx_stock_broker.broker.RestApiVerticle - Retrieved configuration: BrokerConfig(serverPort=12000, version=1.0, dbConfig=DbConfig(host=localhost, port=5432, database=vertx_stock_broker, user=postgres, password=chris))
2026-06-06 21:21:12,131 [vert.x-eventloop-thread-3] INFO com.javalord.vertx_stock_broker.broker.RestApiVerticle - Retrieved configuration: BrokerConfig(serverPort=12000, version=1.0, dbConfig=DbConfig(host=localhost, port=5432, database=vertx_stock_broker, user=postgres, password=chris))
2026-06-06 21:21:12,131 [vert.x-eventloop-thread-2] INFO com.javalord.vertx_stock_broker.broker.RestApiVerticle - Retrieved configuration: BrokerConfig(serverPort=12000, version=1.0, dbConfig=DbConfig(host=localhost, port=5432, database=vertx_stock_broker, user=postgres, password=chris))
2026-06-06 21:21:12,132 [vert.x-eventloop-thread-1] INFO com.javalord.vertx_stock_broker.broker.RestApiVerticle - Retrieved configuration: BrokerConfig(serverPort=12000, version=1.0, dbConfig=DbConfig(host=localhost, port=5432, database=vertx_stock_broker, user=postgres, password=chris))
2026-06-06 21:21:12,288 [vert.x-eventloop-thread-0] INFO com.javalord.vertx_stock_broker.broker.MainVerticle - Deployed RestApiVerticle with id 2
2026-06-06 21:21:12,288 [vert.x-eventloop-thread-2] INFO com.javalord.vertx_stock_broker.broker.RestApiVerticle - HTTP server started on port 12000
2026-06-06 21:21:12,289 [vert.x-eventloop-thread-1] INFO com.javalord.vertx_stock_broker.broker.RestApiVerticle - HTTP server started on port 12000
2026-06-06 21:21:12,289 [vert.x-eventloop-thread-4] INFO com.javalord.vertx_stock_broker.broker.RestApiVerticle - HTTP server started on port 12000
2026-06-06 21:21:12,289 [vert.x-eventloop-thread-3] INFO com.javalord.vertx_stock_broker.broker.RestApiVerticle - HTTP server started on port 12000
2026-06-06 21:21:12,298 [vert.x-eventloop-thread-5] ERROR io.vertx.core.impl.ContextImpl - Unhandled exception
java.lang.NullPointerException: Cannot invoke "io.vertx.core.impl.future.FutureBase.addListener(io.vertx.core.Completable)" because "future" is null
	at io.vertx.core.impl.future.Composition.complete(Composition.java:48)
	at io.vertx.core.impl.future.FutureImpl$ListenerArray.complete(FutureImpl.java:188)
	at io.vertx.core.impl.future.FutureBase.emitResult(FutureBase.java:94)
	at io.vertx.core.impl.future.FutureBase.emitResult(FutureBase.java:85)
	at io.vertx.core.impl.future.FutureImpl.completeInternal(FutureImpl.java:137)
	at io.vertx.core.impl.future.Mapping.complete(Mapping.java:45)
	at io.vertx.core.impl.future.FutureBase$EmitResultTask.run(FutureBase.java:125)
	at io.netty.util.concurrent.AbstractEventExecutor.runTask(AbstractEventExecutor.java:148)
	at io.netty.util.concurrent.AbstractEventExecutor.safeExecute(AbstractEventExecutor.java:141)
	at io.netty.util.concurrent.SingleThreadEventExecutor.runAllTasks(SingleThreadEventExecutor.java:535)
	at io.netty.channel.SingleThreadIoEventLoop.run(SingleThreadIoEventLoop.java:201)
	at io.netty.util.concurrent.SingleThreadEventExecutor$5.run(SingleThreadEventExecutor.java:1195)
	at io.netty.util.internal.ThreadExecutorMap$2.run(ThreadExecutorMap.java:74)
	at io.netty.util.concurrent.FastThreadLocalRunnable.run(FastThreadLocalRunnable.java:30)
	at java.base/java.lang.Thread.run(Thread.java:1474)
2026-06-06 21:21:12,306 [vert.x-worker-thread-5] INFO com.javalord.vertx_stock_broker.broker.db.migration.FlywayMigration - Migrating DB schema using jdbc url: jdbc:postgresql://localhost:5432/vertx_stock_broker
2026-06-06 21:21:13,022 [vert.x-worker-thread-5] INFO org.flywaydb.core.FlywayExecutor - Database: jdbc:postgresql://localhost:5432/vertx_stock_broker (PostgreSQL 18.1)
2026-06-06 21:21:13,180 [vert.x-worker-thread-5] INFO com.javalord.vertx_stock_broker.broker.db.migration.FlywayMigration - DB schema is at version: null
2026-06-06 21:21:13,377 [vert.x-worker-thread-5] INFO com.javalord.vertx_stock_broker.broker.db.migration.FlywayMigration - Pending migrations are: [0.1 - create assets qoutes tables]
2026-06-06 21:21:13,465 [vert.x-worker-thread-5] INFO org.flywaydb.core.internal.command.DbValidate - Successfully validated 2 migrations (execution time 00:00.008s)
2026-06-06 21:21:13,532 [vert.x-worker-thread-5] INFO org.flywaydb.core.internal.command.DbMigrate - Current version of schema "broker": null
2026-06-06 21:21:13,559 [vert.x-worker-thread-5] INFO org.flywaydb.core.internal.command.DbMigrate - Migrating schema "broker" to version "0.1 - create assets qoutes tables"
2026-06-06 21:21:13,605 [vert.x-worker-thread-5] ERROR org.flywaydb.core.internal.command.DbMigrate - Migration of schema "broker" to version "0.1 - create assets qoutes tables" failed! Changes successfully rolled back.
2026-06-06 21:21:13,614 [vert.x-eventloop-thread-5] ERROR com.javalord.vertx_stock_broker.broker.db.migration.FlywayMigration - Database migration failed
org.flywaydb.core.internal.exception.FlywayMigrateException: Failed to execute script V0.1__create_assets_qoutes_tables.sql
--------------------------------------------------------------
SQL State  : 42601
Error Code : 0
Message    : ERROR: syntax error at or near "bid"
  Position: 48
Location   : db/migration/V0.1__create_assets_qoutes_tables.sql (C:\Users\JavaLord\Downloads\vertx-stock-broker\target\classes\db\migration\V0.1__create_assets_qoutes_tables.sql)
Line       : 5
Statement  : Run Flyway with -X option to see the actual statement causing the problem

	at org.flywaydb.core.internal.command.DbMigrate.doMigrateGroup(DbMigrate.java:399)
	at org.flywaydb.core.internal.command.DbMigrate.lambda$applyMigrations$1(DbMigrate.java:283)
	at org.flywaydb.core.internal.jdbc.TransactionalExecutionTemplate.execute(TransactionalExecutionTemplate.java:59)
	at org.flywaydb.core.internal.command.DbMigrate.applyMigrations(DbMigrate.java:282)
	at org.flywaydb.core.internal.command.DbMigrate.migrateGroup(DbMigrate.java:255)
	at org.flywaydb.core.internal.command.DbMigrate.lambda$migrateAll$0(DbMigrate.java:153)
	at org.flywaydb.database.postgresql.PostgreSQLAdvisoryLockTemplate.execute(PostgreSQLAdvisoryLockTemplate.java:77)
	at org.flywaydb.database.postgresql.PostgreSQLAdvisoryLockTemplate.lambda$execute$0(PostgreSQLAdvisoryLockTemplate.java:60)
	at org.flywaydb.core.internal.jdbc.TransactionalExecutionTemplate.execute(TransactionalExecutionTemplate.java:59)
	at org.flywaydb.database.postgresql.PostgreSQLAdvisoryLockTemplate.execute(PostgreSQLAdvisoryLockTemplate.java:60)
	at org.flywaydb.database.postgresql.PostgreSQLConnection.lock(PostgreSQLConnection.java:105)
	at org.flywaydb.core.internal.schemahistory.JdbcTableSchemaHistory.lock(JdbcTableSchemaHistory.java:164)
	at org.flywaydb.core.internal.command.DbMigrate.migrateAll(DbMigrate.java:153)
	at org.flywaydb.core.internal.command.DbMigrate.migrate(DbMigrate.java:104)
	at org.flywaydb.core.Flyway.lambda$migrate$3(Flyway.java:245)
	at org.flywaydb.core.FlywayExecutor.execute(FlywayExecutor.java:240)
	at org.flywaydb.core.Flyway.migrate(Flyway.java:186)
	at com.javalord.vertx_stock_broker.broker.db.migration.FlywayMigration.excute(FlywayMigration.java:54)
	at com.javalord.vertx_stock_broker.broker.db.migration.FlywayMigration.lambda$migrate$0(FlywayMigration.java:24)
	at io.vertx.core.impl.ExecuteBlocking$1.execute(ExecuteBlocking.java:36)
	at io.vertx.core.impl.WorkerTask.run(WorkerTask.java:57)
	at io.vertx.core.impl.TaskQueue.run(TaskQueue.java:86)
	at java.base/java.util.concurrent.ThreadPoolExecutor.runWorker(ThreadPoolExecutor.java:1090)
	at java.base/java.util.concurrent.ThreadPoolExecutor$Worker.run(ThreadPoolExecutor.java:614)
	at io.netty.util.concurrent.FastThreadLocalRunnable.run(FastThreadLocalRunnable.java:30)
	at java.base/java.lang.Thread.run(Thread.java:1474)
Caused by: org.flywaydb.core.internal.sqlscript.FlywaySqlScriptException: Failed to execute script V0.1__create_assets_qoutes_tables.sql
--------------------------------------------------------------
SQL State  : 42601
Error Code : 0
Message    : ERROR: syntax error at or near "bid"
  Position: 48
Location   : db/migration/V0.1__create_assets_qoutes_tables.sql (C:\Users\JavaLord\Downloads\vertx-stock-broker\target\classes\db\migration\V0.1__create_assets_qoutes_tables.sql)
Line       : 5
Statement  : Run Flyway with -X option to see the actual statement causing the problem

	at org.flywaydb.core.internal.sqlscript.DefaultSqlScriptExecutor.handleException(DefaultSqlScriptExecutor.java:255)
	at org.flywaydb.core.internal.sqlscript.DefaultSqlScriptExecutor.executeStatement(DefaultSqlScriptExecutor.java:216)
	at org.flywaydb.core.internal.sqlscript.DefaultSqlScriptExecutor.execute(DefaultSqlScriptExecutor.java:136)
	at org.flywaydb.core.internal.resolver.sql.SqlMigrationExecutor.executeOnce(SqlMigrationExecutor.java:75)
	at org.flywaydb.core.internal.resolver.sql.SqlMigrationExecutor.lambda$execute$0(SqlMigrationExecutor.java:66)
	at org.flywaydb.core.internal.database.DefaultExecutionStrategy.execute(DefaultExecutionStrategy.java:31)
	at org.flywaydb.core.internal.resolver.sql.SqlMigrationExecutor.execute(SqlMigrationExecutor.java:65)
	at org.flywaydb.core.internal.command.DbMigrate.doMigrateGroup(DbMigrate.java:391)
	... 25 more
Caused by: org.postgresql.util.PSQLException: ERROR: syntax error at or near "bid"
  Position: 48
	at org.postgresql.core.v3.QueryExecutorImpl.receiveErrorResponse(QueryExecutorImpl.java:2875)
	at org.postgresql.core.v3.QueryExecutorImpl.processResults(QueryExecutorImpl.java:2560)
	at org.postgresql.core.v3.QueryExecutorImpl.execute(QueryExecutorImpl.java:429)
	at org.postgresql.jdbc.PgStatement.executeInternal(PgStatement.java:526)
	at org.postgresql.jdbc.PgStatement.execute(PgStatement.java:436)
	at org.postgresql.jdbc.PgStatement.executeWithFlags(PgStatement.java:358)
	at org.postgresql.jdbc.PgStatement.executeCachedSql(PgStatement.java:343)
	at org.postgresql.jdbc.PgStatement.executeWithFlags(PgStatement.java:319)
	at org.postgresql.jdbc.PgStatement.execute(PgStatement.java:314)
	at org.flywaydb.core.internal.jdbc.JdbcTemplate.executeStatement(JdbcTemplate.java:215)
	at org.flywaydb.core.internal.sqlscript.ParsedSqlStatement.execute(ParsedSqlStatement.java:88)
	at org.flywaydb.core.internal.sqlscript.DefaultSqlScriptExecutor.executeStatement(DefaultSqlScriptExecutor.java:211)
	... 31 more
2026-06-06 21:23:23,482 [main] INFO com.javalord.vertx_stock_broker.broker.MainVerticle - Info...
2026-06-06 21:23:24,240 [vert.x-eventloop-thread-2] INFO com.javalord.vertx_stock_broker.broker.RestApiVerticle - Retrieved configuration: BrokerConfig(serverPort=12000, version=1.0, dbConfig=DbConfig(host=localhost, port=5432, database=vertx_stock_broker, user=postgres, password=chris))
2026-06-06 21:23:24,240 [vert.x-eventloop-thread-4] INFO com.javalord.vertx_stock_broker.broker.RestApiVerticle - Retrieved configuration: BrokerConfig(serverPort=12000, version=1.0, dbConfig=DbConfig(host=localhost, port=5432, database=vertx_stock_broker, user=postgres, password=chris))
2026-06-06 21:23:24,240 [vert.x-eventloop-thread-1] INFO com.javalord.vertx_stock_broker.broker.RestApiVerticle - Retrieved configuration: BrokerConfig(serverPort=12000, version=1.0, dbConfig=DbConfig(host=localhost, port=5432, database=vertx_stock_broker, user=postgres, password=chris))
2026-06-06 21:23:24,240 [vert.x-eventloop-thread-3] INFO com.javalord.vertx_stock_broker.broker.RestApiVerticle - Retrieved configuration: BrokerConfig(serverPort=12000, version=1.0, dbConfig=DbConfig(host=localhost, port=5432, database=vertx_stock_broker, user=postgres, password=chris))
2026-06-06 21:23:24,346 [vert.x-eventloop-thread-0] INFO com.javalord.vertx_stock_broker.broker.MainVerticle - Deployed RestApiVerticle with id 2
2026-06-06 21:23:24,349 [vert.x-eventloop-thread-4] INFO com.javalord.vertx_stock_broker.broker.RestApiVerticle - HTTP server started on port 12000
2026-06-06 21:23:24,349 [vert.x-eventloop-thread-2] INFO com.javalord.vertx_stock_broker.broker.RestApiVerticle - HTTP server started on port 12000
2026-06-06 21:23:24,349 [vert.x-eventloop-thread-3] INFO com.javalord.vertx_stock_broker.broker.RestApiVerticle - HTTP server started on port 12000
2026-06-06 21:23:24,349 [vert.x-eventloop-thread-1] INFO com.javalord.vertx_stock_broker.broker.RestApiVerticle - HTTP server started on port 12000
2026-06-06 21:23:24,354 [vert.x-eventloop-thread-5] ERROR io.vertx.core.impl.ContextImpl - Unhandled exception
java.lang.NullPointerException: Cannot invoke "io.vertx.core.impl.future.FutureBase.addListener(io.vertx.core.Completable)" because "future" is null
	at io.vertx.core.impl.future.Composition.complete(Composition.java:48)
	at io.vertx.core.impl.future.FutureImpl$ListenerArray.complete(FutureImpl.java:188)
	at io.vertx.core.impl.future.FutureBase.emitResult(FutureBase.java:94)
	at io.vertx.core.impl.future.FutureBase.emitResult(FutureBase.java:85)
	at io.vertx.core.impl.future.FutureImpl.completeInternal(FutureImpl.java:137)
	at io.vertx.core.impl.future.Mapping.complete(Mapping.java:45)
	at io.vertx.core.impl.future.FutureBase$EmitResultTask.run(FutureBase.java:125)
	at io.netty.util.concurrent.AbstractEventExecutor.runTask(AbstractEventExecutor.java:148)
	at io.netty.util.concurrent.AbstractEventExecutor.safeExecute(AbstractEventExecutor.java:141)
	at io.netty.util.concurrent.SingleThreadEventExecutor.runAllTasks(SingleThreadEventExecutor.java:535)
	at io.netty.channel.SingleThreadIoEventLoop.run(SingleThreadIoEventLoop.java:201)
	at io.netty.util.concurrent.SingleThreadEventExecutor$5.run(SingleThreadEventExecutor.java:1195)
	at io.netty.util.internal.ThreadExecutorMap$2.run(ThreadExecutorMap.java:74)
	at io.netty.util.concurrent.FastThreadLocalRunnable.run(FastThreadLocalRunnable.java:30)
	at java.base/java.lang.Thread.run(Thread.java:1474)
2026-06-06 21:23:24,362 [vert.x-worker-thread-5] INFO com.javalord.vertx_stock_broker.broker.db.migration.FlywayMigration - Migrating DB schema using jdbc url: jdbc:postgresql://localhost:5432/vertx_stock_broker
2026-06-06 21:23:24,879 [vert.x-worker-thread-5] INFO org.flywaydb.core.FlywayExecutor - Database: jdbc:postgresql://localhost:5432/vertx_stock_broker (PostgreSQL 18.1)
2026-06-06 21:23:25,017 [vert.x-worker-thread-5] INFO com.javalord.vertx_stock_broker.broker.db.migration.FlywayMigration - DB schema is at version: null
2026-06-06 21:23:25,195 [vert.x-worker-thread-5] INFO com.javalord.vertx_stock_broker.broker.db.migration.FlywayMigration - Pending migrations are: [0.1 - create assets qoutes tables]
2026-06-06 21:23:25,269 [vert.x-worker-thread-5] INFO org.flywaydb.core.internal.command.DbValidate - Successfully validated 2 migrations (execution time 00:00.008s)
2026-06-06 21:23:25,335 [vert.x-worker-thread-5] INFO org.flywaydb.core.internal.command.DbMigrate - Current version of schema "broker": null
2026-06-06 21:23:25,351 [vert.x-worker-thread-5] INFO org.flywaydb.core.internal.command.DbMigrate - Migrating schema "broker" to version "0.1 - create assets qoutes tables"
2026-06-06 21:23:25,393 [vert.x-worker-thread-5] INFO org.flywaydb.core.internal.command.DbMigrate - Successfully applied 1 migration to schema "broker", now at version v0.1 (execution time 00:00.029s)
2026-06-06 21:23:25,395 [vert.x-eventloop-thread-5] INFO com.javalord.vertx_stock_broker.broker.db.migration.FlywayMigration - Database migration completed successfully
2026-06-07 05:53:00,050 [main] INFO com.javalord.vertx_stock_broker.broker.MainVerticle - Info...
2026-06-07 05:53:00,951 [vert.x-eventloop-thread-4] INFO com.javalord.vertx_stock_broker.broker.RestApiVerticle - Retrieved configuration: BrokerConfig(serverPort=12000, version=1.0, dbConfig=DbConfig(host=localhost, port=5432, database=vertx_stock_broker, user=postgres, password=chris))
2026-06-07 05:53:00,951 [vert.x-eventloop-thread-2] INFO com.javalord.vertx_stock_broker.broker.RestApiVerticle - Retrieved configuration: BrokerConfig(serverPort=12000, version=1.0, dbConfig=DbConfig(host=localhost, port=5432, database=vertx_stock_broker, user=postgres, password=chris))
2026-06-07 05:53:00,951 [vert.x-eventloop-thread-3] INFO com.javalord.vertx_stock_broker.broker.RestApiVerticle - Retrieved configuration: BrokerConfig(serverPort=12000, version=1.0, dbConfig=DbConfig(host=localhost, port=5432, database=vertx_stock_broker, user=postgres, password=chris))
2026-06-07 05:53:00,951 [vert.x-eventloop-thread-1] INFO com.javalord.vertx_stock_broker.broker.RestApiVerticle - Retrieved configuration: BrokerConfig(serverPort=12000, version=1.0, dbConfig=DbConfig(host=localhost, port=5432, database=vertx_stock_broker, user=postgres, password=chris))
2026-06-07 05:53:00,958 [vert.x-eventloop-thread-3] ERROR io.vertx.core.impl.ContextImpl - Unhandled exception
java.lang.IllegalStateException: Running in a Vertx context => use Pool#pool(Vertx, SqlConnectOptions, PoolOptions) instead
	at io.vertx.sqlclient.spi.Driver.createPool(Driver.java:57)
	at io.vertx.pgclient.PgBuilder$1.create(PgBuilder.java:89)
	at io.vertx.pgclient.PgBuilder$1.create(PgBuilder.java:79)
	at io.vertx.sqlclient.impl.ClientBuilderBase.build(ClientBuilderBase.java:97)
	at com.javalord.vertx_stock_broker.broker.RestApiVerticle.createDbPool(RestApiVerticle.java:82)
	at com.javalord.vertx_stock_broker.broker.RestApiVerticle.startHttpServerAndAttachRoutes(RestApiVerticle.java:44)
	at com.javalord.vertx_stock_broker.broker.RestApiVerticle.lambda$start$1(RestApiVerticle.java:38)
	at io.vertx.core.Future.lambda$onComplete$1(Future.java:312)
	at io.vertx.core.impl.future.FutureImpl$ListenerArray.complete(FutureImpl.java:188)
	at io.vertx.core.impl.future.FutureBase.emitResult(FutureBase.java:94)
	at io.vertx.core.impl.future.FutureBase.emitResult(FutureBase.java:85)
	at io.vertx.core.impl.future.FutureImpl.completeInternal(FutureImpl.java:137)
	at io.vertx.core.impl.future.Mapping.complete(Mapping.java:45)
	at io.vertx.core.impl.future.FutureImpl$ListenerArray.complete(FutureImpl.java:188)
	at io.vertx.core.impl.future.FutureBase.emitResult(FutureBase.java:94)
	at io.vertx.core.impl.future.FutureBase.emitResult(FutureBase.java:85)
	at io.vertx.core.impl.future.FutureImpl.completeInternal(FutureImpl.java:137)
	at io.vertx.core.impl.future.FutureBase.signalComplete(FutureBase.java:104)
	at io.vertx.core.impl.future.FutureBase.emitResult(FutureBase.java:87)
	at io.vertx.core.impl.future.FutureImpl.completeInternal(FutureImpl.java:137)
	at io.vertx.core.impl.future.Mapping.complete(Mapping.java:45)
	at io.vertx.core.impl.future.FutureBase.signalComplete(FutureBase.java:104)
	at io.vertx.core.impl.future.FutureBase.emitResult(FutureBase.java:87)
	at io.vertx.core.impl.future.FutureImpl.completeInternal(FutureImpl.java:137)
	at io.vertx.core.impl.future.Mapping.complete(Mapping.java:45)
	at io.vertx.core.impl.future.FutureBase.signalComplete(FutureBase.java:104)
	at io.vertx.core.impl.future.FutureBase.emitResult(FutureBase.java:87)
	at io.vertx.core.impl.future.FutureImpl.completeInternal(FutureImpl.java:137)
	at io.vertx.core.impl.future.FutureImpl.tryComplete(FutureImpl.java:143)
	at io.vertx.core.impl.future.CompositeFutureImpl.doComplete(CompositeFutureImpl.java:218)
	at io.vertx.core.impl.future.CompositeFutureImpl.onSuccess(CompositeFutureImpl.java:123)
	at io.vertx.core.impl.future.CompositeFutureImpl.complete(CompositeFutureImpl.java:85)
	at io.vertx.core.impl.future.FutureBase.emitResult(FutureBase.java:94)
	at io.vertx.core.impl.future.FutureBase.emitResult(FutureBase.java:85)
	at io.vertx.core.impl.future.FutureImpl.completeInternal(FutureImpl.java:137)
	at io.vertx.core.impl.future.FutureBase.signalComplete(FutureBase.java:104)
	at io.vertx.core.impl.future.FutureBase.emitResult(FutureBase.java:87)
	at io.vertx.core.impl.future.SucceededFuture.addListener(SucceededFuture.java:76)
	at io.vertx.core.impl.future.Composition.complete(Composition.java:48)
	at io.vertx.core.impl.future.FutureBase.emitResult(FutureBase.java:94)
	at io.vertx.core.impl.future.FutureBase.emitResult(FutureBase.java:85)
	at io.vertx.core.impl.future.FutureImpl.completeInternal(FutureImpl.java:137)
	at io.vertx.core.impl.future.FutureImpl$ListenerArray.complete(FutureImpl.java:188)
	at io.vertx.core.impl.future.FutureBase$EmitResultTask.run(FutureBase.java:125)
	at io.netty.util.concurrent.AbstractEventExecutor.runTask(AbstractEventExecutor.java:148)
	at io.netty.util.concurrent.AbstractEventExecutor.safeExecute(AbstractEventExecutor.java:141)
	at io.netty.util.concurrent.SingleThreadEventExecutor.runAllTasks(SingleThreadEventExecutor.java:535)
	at io.netty.channel.SingleThreadIoEventLoop.run(SingleThreadIoEventLoop.java:201)
	at io.netty.util.concurrent.SingleThreadEventExecutor$5.run(SingleThreadEventExecutor.java:1195)
	at io.netty.util.internal.ThreadExecutorMap$2.run(ThreadExecutorMap.java:74)
	at io.netty.util.concurrent.FastThreadLocalRunnable.run(FastThreadLocalRunnable.java:30)
	at java.base/java.lang.Thread.run(Thread.java:1474)
2026-06-07 05:53:00,958 [vert.x-eventloop-thread-2] ERROR io.vertx.core.impl.ContextImpl - Unhandled exception
java.lang.IllegalStateException: Running in a Vertx context => use Pool#pool(Vertx, SqlConnectOptions, PoolOptions) instead
	at io.vertx.sqlclient.spi.Driver.createPool(Driver.java:57)
	at io.vertx.pgclient.PgBuilder$1.create(PgBuilder.java:89)
	at io.vertx.pgclient.PgBuilder$1.create(PgBuilder.java:79)
	at io.vertx.sqlclient.impl.ClientBuilderBase.build(ClientBuilderBase.java:97)
	at com.javalord.vertx_stock_broker.broker.RestApiVerticle.createDbPool(RestApiVerticle.java:82)
	at com.javalord.vertx_stock_broker.broker.RestApiVerticle.startHttpServerAndAttachRoutes(RestApiVerticle.java:44)
	at com.javalord.vertx_stock_broker.broker.RestApiVerticle.lambda$start$1(RestApiVerticle.java:38)
	at io.vertx.core.Future.lambda$onComplete$1(Future.java:312)
	at io.vertx.core.impl.future.FutureImpl$ListenerArray.complete(FutureImpl.java:188)
	at io.vertx.core.impl.future.FutureBase.emitResult(FutureBase.java:94)
	at io.vertx.core.impl.future.FutureBase.emitResult(FutureBase.java:85)
	at io.vertx.core.impl.future.FutureImpl.completeInternal(FutureImpl.java:137)
	at io.vertx.core.impl.future.Mapping.complete(Mapping.java:45)
	at io.vertx.core.impl.future.FutureImpl$ListenerArray.complete(FutureImpl.java:188)
	at io.vertx.core.impl.future.FutureBase.emitResult(FutureBase.java:94)
	at io.vertx.core.impl.future.FutureBase.emitResult(FutureBase.java:85)
	at io.vertx.core.impl.future.FutureImpl.completeInternal(FutureImpl.java:137)
	at io.vertx.core.impl.future.FutureBase.signalComplete(FutureBase.java:104)
	at io.vertx.core.impl.future.FutureBase.emitResult(FutureBase.java:87)
	at io.vertx.core.impl.future.FutureImpl.completeInternal(FutureImpl.java:137)
	at io.vertx.core.impl.future.Mapping.complete(Mapping.java:45)
	at io.vertx.core.impl.future.FutureBase.signalComplete(FutureBase.java:104)
	at io.vertx.core.impl.future.FutureBase.emitResult(FutureBase.java:87)
	at io.vertx.core.impl.future.FutureImpl.completeInternal(FutureImpl.java:137)
	at io.vertx.core.impl.future.Mapping.complete(Mapping.java:45)
	at io.vertx.core.impl.future.FutureBase.signalComplete(FutureBase.java:104)
	at io.vertx.core.impl.future.FutureBase.emitResult(FutureBase.java:87)
	at io.vertx.core.impl.future.FutureImpl.completeInternal(FutureImpl.java:137)
	at io.vertx.core.impl.future.FutureImpl.tryComplete(FutureImpl.java:143)
	at io.vertx.core.impl.future.CompositeFutureImpl.doComplete(CompositeFutureImpl.java:218)
	at io.vertx.core.impl.future.CompositeFutureImpl.onSuccess(CompositeFutureImpl.java:123)
	at io.vertx.core.impl.future.CompositeFutureImpl.complete(CompositeFutureImpl.java:85)
	at io.vertx.core.impl.future.FutureBase.emitResult(FutureBase.java:94)
	at io.vertx.core.impl.future.FutureBase.emitResult(FutureBase.java:85)
	at io.vertx.core.impl.future.FutureImpl.completeInternal(FutureImpl.java:137)
	at io.vertx.core.impl.future.FutureBase.signalComplete(FutureBase.java:104)
	at io.vertx.core.impl.future.FutureBase.emitResult(FutureBase.java:87)
	at io.vertx.core.impl.future.SucceededFuture.addListener(SucceededFuture.java:76)
	at io.vertx.core.impl.future.Composition.complete(Composition.java:48)
	at io.vertx.core.impl.future.FutureBase.emitResult(FutureBase.java:94)
	at io.vertx.core.impl.future.FutureBase.emitResult(FutureBase.java:85)
	at io.vertx.core.impl.future.FutureImpl.completeInternal(FutureImpl.java:137)
	at io.vertx.core.impl.future.FutureImpl$ListenerArray.complete(FutureImpl.java:188)
	at io.vertx.core.impl.future.FutureBase$EmitResultTask.run(FutureBase.java:125)
	at io.netty.util.concurrent.AbstractEventExecutor.runTask(AbstractEventExecutor.java:148)
	at io.netty.util.concurrent.AbstractEventExecutor.safeExecute(AbstractEventExecutor.java:141)
	at io.netty.util.concurrent.SingleThreadEventExecutor.runAllTasks(SingleThreadEventExecutor.java:535)
	at io.netty.channel.SingleThreadIoEventLoop.run(SingleThreadIoEventLoop.java:201)
	at io.netty.util.concurrent.SingleThreadEventExecutor$5.run(SingleThreadEventExecutor.java:1195)
	at io.netty.util.internal.ThreadExecutorMap$2.run(ThreadExecutorMap.java:74)
	at io.netty.util.concurrent.FastThreadLocalRunnable.run(FastThreadLocalRunnable.java:30)
	at java.base/java.lang.Thread.run(Thread.java:1474)
2026-06-07 05:53:00,958 [vert.x-eventloop-thread-4] ERROR io.vertx.core.impl.ContextImpl - Unhandled exception
java.lang.IllegalStateException: Running in a Vertx context => use Pool#pool(Vertx, SqlConnectOptions, PoolOptions) instead
	at io.vertx.sqlclient.spi.Driver.createPool(Driver.java:57)
	at io.vertx.pgclient.PgBuilder$1.create(PgBuilder.java:89)
	at io.vertx.pgclient.PgBuilder$1.create(PgBuilder.java:79)
	at io.vertx.sqlclient.impl.ClientBuilderBase.build(ClientBuilderBase.java:97)
	at com.javalord.vertx_stock_broker.broker.RestApiVerticle.createDbPool(RestApiVerticle.java:82)
	at com.javalord.vertx_stock_broker.broker.RestApiVerticle.startHttpServerAndAttachRoutes(RestApiVerticle.java:44)
	at com.javalord.vertx_stock_broker.broker.RestApiVerticle.lambda$start$1(RestApiVerticle.java:38)
	at io.vertx.core.Future.lambda$onComplete$1(Future.java:312)
	at io.vertx.core.impl.future.FutureImpl$ListenerArray.complete(FutureImpl.java:188)
	at io.vertx.core.impl.future.FutureBase.emitResult(FutureBase.java:94)
	at io.vertx.core.impl.future.FutureBase.emitResult(FutureBase.java:85)
	at io.vertx.core.impl.future.FutureImpl.completeInternal(FutureImpl.java:137)
	at io.vertx.core.impl.future.Mapping.complete(Mapping.java:45)
	at io.vertx.core.impl.future.FutureImpl$ListenerArray.complete(FutureImpl.java:188)
	at io.vertx.core.impl.future.FutureBase.emitResult(FutureBase.java:94)
	at io.vertx.core.impl.future.FutureBase.emitResult(FutureBase.java:85)
	at io.vertx.core.impl.future.FutureImpl.completeInternal(FutureImpl.java:137)
	at io.vertx.core.impl.future.FutureBase.signalComplete(FutureBase.java:104)
	at io.vertx.core.impl.future.FutureBase.emitResult(FutureBase.java:87)
	at io.vertx.core.impl.future.FutureImpl.completeInternal(FutureImpl.java:137)
	at io.vertx.core.impl.future.Mapping.complete(Mapping.java:45)
	at io.vertx.core.impl.future.FutureBase.signalComplete(FutureBase.java:104)
	at io.vertx.core.impl.future.FutureBase.emitResult(FutureBase.java:87)
	at io.vertx.core.impl.future.FutureImpl.completeInternal(FutureImpl.java:137)
	at io.vertx.core.impl.future.Mapping.complete(Mapping.java:45)
	at io.vertx.core.impl.future.FutureBase.signalComplete(FutureBase.java:104)
	at io.vertx.core.impl.future.FutureBase.emitResult(FutureBase.java:87)
	at io.vertx.core.impl.future.FutureImpl.completeInternal(FutureImpl.java:137)
	at io.vertx.core.impl.future.FutureImpl.tryComplete(FutureImpl.java:143)
	at io.vertx.core.impl.future.CompositeFutureImpl.doComplete(CompositeFutureImpl.java:218)
	at io.vertx.core.impl.future.CompositeFutureImpl.onSuccess(CompositeFutureImpl.java:123)
	at io.vertx.core.impl.future.CompositeFutureImpl.complete(CompositeFutureImpl.java:85)
	at io.vertx.core.impl.future.FutureBase.emitResult(FutureBase.java:94)
	at io.vertx.core.impl.future.FutureBase.emitResult(FutureBase.java:85)
	at io.vertx.core.impl.future.FutureImpl.completeInternal(FutureImpl.java:137)
	at io.vertx.core.impl.future.FutureBase.signalComplete(FutureBase.java:104)
	at io.vertx.core.impl.future.FutureBase.emitResult(FutureBase.java:87)
	at io.vertx.core.impl.future.SucceededFuture.addListener(SucceededFuture.java:76)
	at io.vertx.core.impl.future.Composition.complete(Composition.java:48)
	at io.vertx.core.impl.future.FutureBase.emitResult(FutureBase.java:94)
	at io.vertx.core.impl.future.FutureBase.emitResult(FutureBase.java:85)
	at io.vertx.core.impl.future.FutureImpl.completeInternal(FutureImpl.java:137)
	at io.vertx.core.impl.future.FutureImpl$ListenerArray.complete(FutureImpl.java:188)
	at io.vertx.core.impl.future.FutureBase$EmitResultTask.run(FutureBase.java:125)
	at io.netty.util.concurrent.AbstractEventExecutor.runTask(AbstractEventExecutor.java:148)
	at io.netty.util.concurrent.AbstractEventExecutor.safeExecute(AbstractEventExecutor.java:141)
	at io.netty.util.concurrent.SingleThreadEventExecutor.runAllTasks(SingleThreadEventExecutor.java:535)
	at io.netty.channel.SingleThreadIoEventLoop.run(SingleThreadIoEventLoop.java:201)
	at io.netty.util.concurrent.SingleThreadEventExecutor$5.run(SingleThreadEventExecutor.java:1195)
	at io.netty.util.internal.ThreadExecutorMap$2.run(ThreadExecutorMap.java:74)
	at io.netty.util.concurrent.FastThreadLocalRunnable.run(FastThreadLocalRunnable.java:30)
	at java.base/java.lang.Thread.run(Thread.java:1474)
2026-06-07 05:53:00,958 [vert.x-eventloop-thread-1] ERROR io.vertx.core.impl.ContextImpl - Unhandled exception
java.lang.IllegalStateException: Running in a Vertx context => use Pool#pool(Vertx, SqlConnectOptions, PoolOptions) instead
	at io.vertx.sqlclient.spi.Driver.createPool(Driver.java:57)
	at io.vertx.pgclient.PgBuilder$1.create(PgBuilder.java:89)
	at io.vertx.pgclient.PgBuilder$1.create(PgBuilder.java:79)
	at io.vertx.sqlclient.impl.ClientBuilderBase.build(ClientBuilderBase.java:97)
	at com.javalord.vertx_stock_broker.broker.RestApiVerticle.createDbPool(RestApiVerticle.java:82)
	at com.javalord.vertx_stock_broker.broker.RestApiVerticle.startHttpServerAndAttachRoutes(RestApiVerticle.java:44)
	at com.javalord.vertx_stock_broker.broker.RestApiVerticle.lambda$start$1(RestApiVerticle.java:38)
	at io.vertx.core.Future.lambda$onComplete$1(Future.java:312)
	at io.vertx.core.impl.future.FutureImpl$ListenerArray.complete(FutureImpl.java:188)
	at io.vertx.core.impl.future.FutureBase.emitResult(FutureBase.java:94)
	at io.vertx.core.impl.future.FutureBase.emitResult(FutureBase.java:85)
	at io.vertx.core.impl.future.FutureImpl.completeInternal(FutureImpl.java:137)
	at io.vertx.core.impl.future.Mapping.complete(Mapping.java:45)
	at io.vertx.core.impl.future.FutureImpl$ListenerArray.complete(FutureImpl.java:188)
	at io.vertx.core.impl.future.FutureBase.emitResult(FutureBase.java:94)
	at io.vertx.core.impl.future.FutureBase.emitResult(FutureBase.java:85)
	at io.vertx.core.impl.future.FutureImpl.completeInternal(FutureImpl.java:137)
	at io.vertx.core.impl.future.FutureBase.signalComplete(FutureBase.java:104)
	at io.vertx.core.impl.future.FutureBase.emitResult(FutureBase.java:87)
	at io.vertx.core.impl.future.FutureImpl.completeInternal(FutureImpl.java:137)
	at io.vertx.core.impl.future.Mapping.complete(Mapping.java:45)
	at io.vertx.core.impl.future.FutureBase.signalComplete(FutureBase.java:104)
	at io.vertx.core.impl.future.FutureBase.emitResult(FutureBase.java:87)
	at io.vertx.core.impl.future.FutureImpl.completeInternal(FutureImpl.java:137)
	at io.vertx.core.impl.future.Mapping.complete(Mapping.java:45)
	at io.vertx.core.impl.future.FutureBase.signalComplete(FutureBase.java:104)
	at io.vertx.core.impl.future.FutureBase.emitResult(FutureBase.java:87)
	at io.vertx.core.impl.future.FutureImpl.completeInternal(FutureImpl.java:137)
	at io.vertx.core.impl.future.FutureImpl.tryComplete(FutureImpl.java:143)
	at io.vertx.core.impl.future.CompositeFutureImpl.doComplete(CompositeFutureImpl.java:218)
	at io.vertx.core.impl.future.CompositeFutureImpl.onSuccess(CompositeFutureImpl.java:123)
	at io.vertx.core.impl.future.CompositeFutureImpl.complete(CompositeFutureImpl.java:85)
	at io.vertx.core.impl.future.FutureBase.emitResult(FutureBase.java:94)
	at io.vertx.core.impl.future.FutureBase.emitResult(FutureBase.java:85)
	at io.vertx.core.impl.future.FutureImpl.completeInternal(FutureImpl.java:137)
	at io.vertx.core.impl.future.FutureBase.signalComplete(FutureBase.java:104)
	at io.vertx.core.impl.future.FutureBase.emitResult(FutureBase.java:87)
	at io.vertx.core.impl.future.SucceededFuture.addListener(SucceededFuture.java:76)
	at io.vertx.core.impl.future.Composition.complete(Composition.java:48)
	at io.vertx.core.impl.future.FutureBase.emitResult(FutureBase.java:94)
	at io.vertx.core.impl.future.FutureBase.emitResult(FutureBase.java:85)
	at io.vertx.core.impl.future.FutureImpl.completeInternal(FutureImpl.java:137)
	at io.vertx.core.impl.future.FutureImpl$ListenerArray.complete(FutureImpl.java:188)
	at io.vertx.core.impl.future.FutureBase$EmitResultTask.run(FutureBase.java:125)
	at io.netty.util.concurrent.AbstractEventExecutor.runTask(AbstractEventExecutor.java:148)
	at io.netty.util.concurrent.AbstractEventExecutor.safeExecute(AbstractEventExecutor.java:141)
	at io.netty.util.concurrent.SingleThreadEventExecutor.runAllTasks(SingleThreadEventExecutor.java:535)
	at io.netty.channel.SingleThreadIoEventLoop.run(SingleThreadIoEventLoop.java:201)
	at io.netty.util.concurrent.SingleThreadEventExecutor$5.run(SingleThreadEventExecutor.java:1195)
	at io.netty.util.internal.ThreadExecutorMap$2.run(ThreadExecutorMap.java:74)
	at io.netty.util.concurrent.FastThreadLocalRunnable.run(FastThreadLocalRunnable.java:30)
	at java.base/java.lang.Thread.run(Thread.java:1474)
2026-06-07 05:58:32,257 [main] INFO com.javalord.vertx_stock_broker.broker.MainVerticle - Info...
2026-06-07 05:58:32,996 [vert.x-eventloop-thread-4] INFO com.javalord.vertx_stock_broker.broker.RestApiVerticle - Retrieved configuration: BrokerConfig(serverPort=12000, version=1.0, dbConfig=DbConfig(host=localhost, port=5432, database=vertx_stock_broker, user=postgres, password=chris))
2026-06-07 05:58:32,996 [vert.x-eventloop-thread-2] INFO com.javalord.vertx_stock_broker.broker.RestApiVerticle - Retrieved configuration: BrokerConfig(serverPort=12000, version=1.0, dbConfig=DbConfig(host=localhost, port=5432, database=vertx_stock_broker, user=postgres, password=chris))
2026-06-07 05:58:32,996 [vert.x-eventloop-thread-1] INFO com.javalord.vertx_stock_broker.broker.RestApiVerticle - Retrieved configuration: BrokerConfig(serverPort=12000, version=1.0, dbConfig=DbConfig(host=localhost, port=5432, database=vertx_stock_broker, user=postgres, password=chris))
2026-06-07 05:58:32,996 [vert.x-eventloop-thread-3] INFO com.javalord.vertx_stock_broker.broker.RestApiVerticle - Retrieved configuration: BrokerConfig(serverPort=12000, version=1.0, dbConfig=DbConfig(host=localhost, port=5432, database=vertx_stock_broker, user=postgres, password=chris))
2026-06-07 05:58:33,188 [vert.x-eventloop-thread-0] INFO com.javalord.vertx_stock_broker.broker.MainVerticle - Deployed RestApiVerticle with id 2
2026-06-07 05:58:33,189 [vert.x-eventloop-thread-4] INFO com.javalord.vertx_stock_broker.broker.RestApiVerticle - HTTP server started on port 12000
2026-06-07 05:58:33,190 [vert.x-eventloop-thread-3] INFO com.javalord.vertx_stock_broker.broker.RestApiVerticle - HTTP server started on port 12000
2026-06-07 05:58:33,190 [vert.x-eventloop-thread-1] INFO com.javalord.vertx_stock_broker.broker.RestApiVerticle - HTTP server started on port 12000
2026-06-07 05:58:33,190 [vert.x-eventloop-thread-2] INFO com.javalord.vertx_stock_broker.broker.RestApiVerticle - HTTP server started on port 12000
2026-06-07 05:58:33,196 [vert.x-eventloop-thread-5] ERROR io.vertx.core.impl.ContextImpl - Unhandled exception
java.lang.NullPointerException: Cannot invoke "io.vertx.core.impl.future.FutureBase.addListener(io.vertx.core.Completable)" because "future" is null
	at io.vertx.core.impl.future.Composition.complete(Composition.java:48)
	at io.vertx.core.impl.future.FutureImpl$ListenerArray.complete(FutureImpl.java:188)
	at io.vertx.core.impl.future.FutureBase.emitResult(FutureBase.java:94)
	at io.vertx.core.impl.future.FutureBase.emitResult(FutureBase.java:85)
	at io.vertx.core.impl.future.FutureImpl.completeInternal(FutureImpl.java:137)
	at io.vertx.core.impl.future.Mapping.complete(Mapping.java:45)
	at io.vertx.core.impl.future.FutureBase$EmitResultTask.run(FutureBase.java:125)
	at io.netty.util.concurrent.AbstractEventExecutor.runTask(AbstractEventExecutor.java:148)
	at io.netty.util.concurrent.AbstractEventExecutor.safeExecute(AbstractEventExecutor.java:141)
	at io.netty.util.concurrent.SingleThreadEventExecutor.runAllTasks(SingleThreadEventExecutor.java:535)
	at io.netty.channel.SingleThreadIoEventLoop.run(SingleThreadIoEventLoop.java:201)
	at io.netty.util.concurrent.SingleThreadEventExecutor$5.run(SingleThreadEventExecutor.java:1195)
	at io.netty.util.internal.ThreadExecutorMap$2.run(ThreadExecutorMap.java:74)
	at io.netty.util.concurrent.FastThreadLocalRunnable.run(FastThreadLocalRunnable.java:30)
	at java.base/java.lang.Thread.run(Thread.java:1474)
2026-06-07 05:58:33,205 [vert.x-worker-thread-5] INFO com.javalord.vertx_stock_broker.broker.db.migration.FlywayMigration - Migrating DB schema using jdbc url: jdbc:postgresql://localhost:5432/vertx_stock_broker
2026-06-07 05:58:33,758 [vert.x-worker-thread-5] INFO org.flywaydb.core.FlywayExecutor - Database: jdbc:postgresql://localhost:5432/vertx_stock_broker (PostgreSQL 18.1)
2026-06-07 05:58:33,919 [vert.x-worker-thread-5] INFO com.javalord.vertx_stock_broker.broker.db.migration.FlywayMigration - DB schema is at version: 0.1
2026-06-07 05:58:34,079 [vert.x-worker-thread-5] INFO com.javalord.vertx_stock_broker.broker.db.migration.FlywayMigration - Pending migrations are: []
2026-06-07 05:58:34,166 [vert.x-worker-thread-5] INFO org.flywaydb.core.internal.command.DbValidate - Successfully validated 2 migrations (execution time 00:00.011s)
2026-06-07 05:58:34,241 [vert.x-worker-thread-5] INFO org.flywaydb.core.internal.command.DbMigrate - Current version of schema "broker": 0.1
2026-06-07 05:58:34,246 [vert.x-worker-thread-5] INFO org.flywaydb.core.internal.command.DbMigrate - Schema "broker" is up to date. No migration necessary.
2026-06-07 05:58:34,250 [vert.x-eventloop-thread-5] INFO com.javalord.vertx_stock_broker.broker.db.migration.FlywayMigration - Database migration completed successfully
2026-06-07 06:00:28,842 [vert.x-eventloop-thread-1] INFO com.javalord.vertx_stock_broker.broker.assets.GetAsssetsFromDatabaseHandler - Path /pg/assets responds with []
2026-06-07 06:00:50,257 [vert.x-eventloop-thread-1] INFO com.javalord.vertx_stock_broker.broker.assets.GetAsssetsFromDatabaseHandler - Path /pg/assets responds with []
2026-06-07 06:00:52,246 [vert.x-eventloop-thread-1] INFO com.javalord.vertx_stock_broker.broker.assets.GetAsssetsFromDatabaseHandler - Path /pg/assets responds with []
2026-06-07 06:00:53,979 [vert.x-eventloop-thread-1] INFO com.javalord.vertx_stock_broker.broker.assets.GetAsssetsFromDatabaseHandler - Path /pg/assets responds with []
2026-06-07 06:00:55,745 [vert.x-eventloop-thread-1] INFO com.javalord.vertx_stock_broker.broker.assets.GetAsssetsFromDatabaseHandler - Path /pg/assets responds with []
2026-06-07 06:00:57,942 [vert.x-eventloop-thread-1] INFO com.javalord.vertx_stock_broker.broker.assets.GetAsssetsFromDatabaseHandler - Path /pg/assets responds with []
2026-06-07 06:01:09,622 [vert.x-eventloop-thread-1] INFO com.javalord.vertx_stock_broker.broker.assets.GetAsssetsFromDatabaseHandler - Path /pg/assets responds with []
2026-06-07 06:07:55,288 [vert.x-eventloop-thread-3] INFO com.javalord.vertx_stock_broker.broker.assets.GetAsssetsFromDatabaseHandler - Path /pg/assets responds with ["AMZN","TSLA","GOGL","ORLA"]
2026-06-07 12:26:24,922 [main] INFO com.javalord.vertx_stock_broker.broker.MainVerticle - Info...
2026-06-07 12:26:25,784 [vert.x-eventloop-thread-2] INFO com.javalord.vertx_stock_broker.broker.RestApiVerticle - Retrieved configuration: BrokerConfig(serverPort=12000, version=1.0, dbConfig=DbConfig(host=localhost, port=5432, database=vertx_stock_broker, user=postgres, password=chris))
2026-06-07 12:26:25,784 [vert.x-eventloop-thread-3] INFO com.javalord.vertx_stock_broker.broker.RestApiVerticle - Retrieved configuration: BrokerConfig(serverPort=12000, version=1.0, dbConfig=DbConfig(host=localhost, port=5432, database=vertx_stock_broker, user=postgres, password=chris))
2026-06-07 12:26:25,784 [vert.x-eventloop-thread-4] INFO com.javalord.vertx_stock_broker.broker.RestApiVerticle - Retrieved configuration: BrokerConfig(serverPort=12000, version=1.0, dbConfig=DbConfig(host=localhost, port=5432, database=vertx_stock_broker, user=postgres, password=chris))
2026-06-07 12:26:25,784 [vert.x-eventloop-thread-1] INFO com.javalord.vertx_stock_broker.broker.RestApiVerticle - Retrieved configuration: BrokerConfig(serverPort=12000, version=1.0, dbConfig=DbConfig(host=localhost, port=5432, database=vertx_stock_broker, user=postgres, password=chris))
2026-06-07 12:26:26,288 [vert.x-eventloop-thread-0] INFO com.javalord.vertx_stock_broker.broker.MainVerticle - Deployed RestApiVerticle with id 2
2026-06-07 12:26:26,288 [vert.x-eventloop-thread-2] INFO com.javalord.vertx_stock_broker.broker.RestApiVerticle - HTTP server started on port 12000
2026-06-07 12:26:26,289 [vert.x-eventloop-thread-4] INFO com.javalord.vertx_stock_broker.broker.RestApiVerticle - HTTP server started on port 12000
2026-06-07 12:26:26,289 [vert.x-eventloop-thread-3] INFO com.javalord.vertx_stock_broker.broker.RestApiVerticle - HTTP server started on port 12000
2026-06-07 12:26:26,289 [vert.x-eventloop-thread-1] INFO com.javalord.vertx_stock_broker.broker.RestApiVerticle - HTTP server started on port 12000
2026-06-07 12:26:26,294 [vert.x-eventloop-thread-5] ERROR io.vertx.core.impl.ContextImpl - Unhandled exception
java.lang.NullPointerException: Cannot invoke "io.vertx.core.impl.future.FutureBase.addListener(io.vertx.core.Completable)" because "future" is null
	at io.vertx.core.impl.future.Composition.complete(Composition.java:48)
	at io.vertx.core.impl.future.FutureImpl$ListenerArray.complete(FutureImpl.java:188)
	at io.vertx.core.impl.future.FutureBase.emitResult(FutureBase.java:94)
	at io.vertx.core.impl.future.FutureBase.emitResult(FutureBase.java:85)
	at io.vertx.core.impl.future.FutureImpl.completeInternal(FutureImpl.java:137)
	at io.vertx.core.impl.future.Mapping.complete(Mapping.java:45)
	at io.vertx.core.impl.future.FutureBase$EmitResultTask.run(FutureBase.java:125)
	at io.netty.util.concurrent.AbstractEventExecutor.runTask(AbstractEventExecutor.java:148)
	at io.netty.util.concurrent.AbstractEventExecutor.safeExecute(AbstractEventExecutor.java:141)
	at io.netty.util.concurrent.SingleThreadEventExecutor.runAllTasks(SingleThreadEventExecutor.java:535)
	at io.netty.channel.SingleThreadIoEventLoop.run(SingleThreadIoEventLoop.java:201)
	at io.netty.util.concurrent.SingleThreadEventExecutor$5.run(SingleThreadEventExecutor.java:1195)
	at io.netty.util.internal.ThreadExecutorMap$2.run(ThreadExecutorMap.java:74)
	at io.netty.util.concurrent.FastThreadLocalRunnable.run(FastThreadLocalRunnable.java:30)
	at java.base/java.lang.Thread.run(Thread.java:1474)
2026-06-07 12:26:26,302 [vert.x-worker-thread-5] INFO com.javalord.vertx_stock_broker.broker.db.migration.FlywayMigration - Migrating DB schema using jdbc url: jdbc:postgresql://localhost:5432/vertx_stock_broker
2026-06-07 12:26:26,946 [vert.x-worker-thread-5] INFO org.flywaydb.core.FlywayExecutor - Database: jdbc:postgresql://localhost:5432/vertx_stock_broker (PostgreSQL 18.1)
2026-06-07 12:26:27,145 [vert.x-worker-thread-5] INFO com.javalord.vertx_stock_broker.broker.db.migration.FlywayMigration - DB schema is at version: 0.1
2026-06-07 12:26:27,341 [vert.x-worker-thread-5] INFO com.javalord.vertx_stock_broker.broker.db.migration.FlywayMigration - Pending migrations are: []
2026-06-07 12:26:27,427 [vert.x-worker-thread-5] INFO org.flywaydb.core.internal.command.DbValidate - Successfully validated 2 migrations (execution time 00:00.011s)
2026-06-07 12:26:27,612 [vert.x-worker-thread-5] INFO org.flywaydb.core.internal.command.DbMigrate - Current version of schema "broker": 0.1
2026-06-07 12:26:27,619 [vert.x-worker-thread-5] INFO org.flywaydb.core.internal.command.DbMigrate - Schema "broker" is up to date. No migration necessary.
2026-06-07 12:26:27,624 [vert.x-eventloop-thread-5] INFO com.javalord.vertx_stock_broker.broker.db.migration.FlywayMigration - Database migration completed successfully
2026-06-07 12:28:23,195 [vert.x-eventloop-thread-4] INFO com.javalord.vertx_stock_broker.broker.quotes.GetQuoteFromDatabaseHandler - Asset parameter: AMZN
2026-06-07 12:31:30,060 [vert.x-eventloop-thread-1] INFO com.javalord.vertx_stock_broker.broker.quotes.GetQuoteFromDatabaseHandler - Asset parameter: AMZN
2026-06-07 12:31:54,172 [vert.x-eventloop-thread-1] INFO com.javalord.vertx_stock_broker.broker.quotes.GetQuoteFromDatabaseHandler - Asset parameter: AMZN
2026-06-07 12:32:40,788 [main] INFO com.javalord.vertx_stock_broker.broker.MainVerticle - Info...
2026-06-07 12:32:41,791 [vert.x-eventloop-thread-1] INFO com.javalord.vertx_stock_broker.broker.RestApiVerticle - Retrieved configuration: BrokerConfig(serverPort=12000, version=1.0, dbConfig=DbConfig(host=localhost, port=5432, database=vertx_stock_broker, user=postgres, password=chris))
2026-06-07 12:32:41,791 [vert.x-eventloop-thread-2] INFO com.javalord.vertx_stock_broker.broker.RestApiVerticle - Retrieved configuration: BrokerConfig(serverPort=12000, version=1.0, dbConfig=DbConfig(host=localhost, port=5432, database=vertx_stock_broker, user=postgres, password=chris))
2026-06-07 12:32:41,791 [vert.x-eventloop-thread-3] INFO com.javalord.vertx_stock_broker.broker.RestApiVerticle - Retrieved configuration: BrokerConfig(serverPort=12000, version=1.0, dbConfig=DbConfig(host=localhost, port=5432, database=vertx_stock_broker, user=postgres, password=chris))
2026-06-07 12:32:41,791 [vert.x-eventloop-thread-4] INFO com.javalord.vertx_stock_broker.broker.RestApiVerticle - Retrieved configuration: BrokerConfig(serverPort=12000, version=1.0, dbConfig=DbConfig(host=localhost, port=5432, database=vertx_stock_broker, user=postgres, password=chris))
2026-06-07 12:32:42,049 [vert.x-eventloop-thread-0] INFO com.javalord.vertx_stock_broker.broker.MainVerticle - Deployed RestApiVerticle with id 2
2026-06-07 12:32:42,051 [vert.x-eventloop-thread-1] INFO com.javalord.vertx_stock_broker.broker.RestApiVerticle - HTTP server started on port 12000
2026-06-07 12:32:42,051 [vert.x-eventloop-thread-4] INFO com.javalord.vertx_stock_broker.broker.RestApiVerticle - HTTP server started on port 12000
2026-06-07 12:32:42,051 [vert.x-eventloop-thread-3] INFO com.javalord.vertx_stock_broker.broker.RestApiVerticle - HTTP server started on port 12000
2026-06-07 12:32:42,052 [vert.x-eventloop-thread-2] INFO com.javalord.vertx_stock_broker.broker.RestApiVerticle - HTTP server started on port 12000
2026-06-07 12:32:42,060 [vert.x-eventloop-thread-5] ERROR io.vertx.core.impl.ContextImpl - Unhandled exception
java.lang.NullPointerException: Cannot invoke "io.vertx.core.impl.future.FutureBase.addListener(io.vertx.core.Completable)" because "future" is null
	at io.vertx.core.impl.future.Composition.complete(Composition.java:48)
	at io.vertx.core.impl.future.FutureImpl$ListenerArray.complete(FutureImpl.java:188)
	at io.vertx.core.impl.future.FutureBase.emitResult(FutureBase.java:94)
	at io.vertx.core.impl.future.FutureBase.emitResult(FutureBase.java:85)
	at io.vertx.core.impl.future.FutureImpl.completeInternal(FutureImpl.java:137)
	at io.vertx.core.impl.future.Mapping.complete(Mapping.java:45)
	at io.vertx.core.impl.future.FutureBase$EmitResultTask.run(FutureBase.java:125)
	at io.netty.util.concurrent.AbstractEventExecutor.runTask(AbstractEventExecutor.java:148)
	at io.netty.util.concurrent.AbstractEventExecutor.safeExecute(AbstractEventExecutor.java:141)
	at io.netty.util.concurrent.SingleThreadEventExecutor.runAllTasks(SingleThreadEventExecutor.java:535)
	at io.netty.channel.SingleThreadIoEventLoop.run(SingleThreadIoEventLoop.java:201)
	at io.netty.util.concurrent.SingleThreadEventExecutor$5.run(SingleThreadEventExecutor.java:1195)
	at io.netty.util.internal.ThreadExecutorMap$2.run(ThreadExecutorMap.java:74)
	at io.netty.util.concurrent.FastThreadLocalRunnable.run(FastThreadLocalRunnable.java:30)
	at java.base/java.lang.Thread.run(Thread.java:1474)
2026-06-07 12:32:42,071 [vert.x-worker-thread-5] INFO com.javalord.vertx_stock_broker.broker.db.migration.FlywayMigration - Migrating DB schema using jdbc url: jdbc:postgresql://localhost:5432/vertx_stock_broker
2026-06-07 12:32:42,835 [vert.x-worker-thread-5] INFO org.flywaydb.core.FlywayExecutor - Database: jdbc:postgresql://localhost:5432/vertx_stock_broker (PostgreSQL 18.1)
2026-06-07 12:32:43,042 [vert.x-worker-thread-5] INFO com.javalord.vertx_stock_broker.broker.db.migration.FlywayMigration - DB schema is at version: 0.1
2026-06-07 12:32:43,259 [vert.x-worker-thread-5] INFO com.javalord.vertx_stock_broker.broker.db.migration.FlywayMigration - Pending migrations are: []
2026-06-07 12:32:43,366 [vert.x-worker-thread-5] INFO org.flywaydb.core.internal.command.DbValidate - Successfully validated 2 migrations (execution time 00:00.011s)
2026-06-07 12:32:43,466 [vert.x-worker-thread-5] INFO org.flywaydb.core.internal.command.DbMigrate - Current version of schema "broker": 0.1
2026-06-07 12:32:43,474 [vert.x-worker-thread-5] INFO org.flywaydb.core.internal.command.DbMigrate - Schema "broker" is up to date. No migration necessary.
2026-06-07 12:32:43,481 [vert.x-eventloop-thread-5] INFO com.javalord.vertx_stock_broker.broker.db.migration.FlywayMigration - Database migration completed successfully
2026-06-07 12:32:52,152 [vert.x-eventloop-thread-2] INFO com.javalord.vertx_stock_broker.broker.quotes.GetQuoteFromDatabaseHandler - Asset parameter: AMZN
2026-06-07 12:32:52,344 [vert.x-eventloop-thread-2] INFO com.javalord.vertx_stock_broker.broker.quotes.GetQuoteFromDatabaseHandler - Asset eeror: ERROR: relation "broker.qoutes" does not exist (42P01)
2026-06-07 12:33:22,087 [main] INFO com.javalord.vertx_stock_broker.broker.MainVerticle - Info...
2026-06-07 12:33:22,728 [vert.x-eventloop-thread-1] INFO com.javalord.vertx_stock_broker.broker.RestApiVerticle - Retrieved configuration: BrokerConfig(serverPort=12000, version=1.0, dbConfig=DbConfig(host=localhost, port=5432, database=vertx_stock_broker, user=postgres, password=chris))
2026-06-07 12:33:22,728 [vert.x-eventloop-thread-4] INFO com.javalord.vertx_stock_broker.broker.RestApiVerticle - Retrieved configuration: BrokerConfig(serverPort=12000, version=1.0, dbConfig=DbConfig(host=localhost, port=5432, database=vertx_stock_broker, user=postgres, password=chris))
2026-06-07 12:33:22,728 [vert.x-eventloop-thread-3] INFO com.javalord.vertx_stock_broker.broker.RestApiVerticle - Retrieved configuration: BrokerConfig(serverPort=12000, version=1.0, dbConfig=DbConfig(host=localhost, port=5432, database=vertx_stock_broker, user=postgres, password=chris))
2026-06-07 12:33:22,728 [vert.x-eventloop-thread-2] INFO com.javalord.vertx_stock_broker.broker.RestApiVerticle - Retrieved configuration: BrokerConfig(serverPort=12000, version=1.0, dbConfig=DbConfig(host=localhost, port=5432, database=vertx_stock_broker, user=postgres, password=chris))
2026-06-07 12:33:22,864 [vert.x-eventloop-thread-0] INFO com.javalord.vertx_stock_broker.broker.MainVerticle - Deployed RestApiVerticle with id 2
2026-06-07 12:33:22,866 [vert.x-eventloop-thread-4] INFO com.javalord.vertx_stock_broker.broker.RestApiVerticle - HTTP server started on port 12000
2026-06-07 12:33:22,866 [vert.x-eventloop-thread-2] INFO com.javalord.vertx_stock_broker.broker.RestApiVerticle - HTTP server started on port 12000
2026-06-07 12:33:22,866 [vert.x-eventloop-thread-1] INFO com.javalord.vertx_stock_broker.broker.RestApiVerticle - HTTP server started on port 12000
2026-06-07 12:33:22,866 [vert.x-eventloop-thread-3] INFO com.javalord.vertx_stock_broker.broker.RestApiVerticle - HTTP server started on port 12000
2026-06-07 12:33:22,871 [vert.x-eventloop-thread-5] ERROR io.vertx.core.impl.ContextImpl - Unhandled exception
java.lang.NullPointerException: Cannot invoke "io.vertx.core.impl.future.FutureBase.addListener(io.vertx.core.Completable)" because "future" is null
	at io.vertx.core.impl.future.Composition.complete(Composition.java:48)
	at io.vertx.core.impl.future.FutureImpl$ListenerArray.complete(FutureImpl.java:188)
	at io.vertx.core.impl.future.FutureBase.emitResult(FutureBase.java:94)
	at io.vertx.core.impl.future.FutureBase.emitResult(FutureBase.java:85)
	at io.vertx.core.impl.future.FutureImpl.completeInternal(FutureImpl.java:137)
	at io.vertx.core.impl.future.Mapping.complete(Mapping.java:45)
	at io.vertx.core.impl.future.FutureBase$EmitResultTask.run(FutureBase.java:125)
	at io.netty.util.concurrent.AbstractEventExecutor.runTask(AbstractEventExecutor.java:148)
	at io.netty.util.concurrent.AbstractEventExecutor.safeExecute(AbstractEventExecutor.java:141)
	at io.netty.util.concurrent.SingleThreadEventExecutor.runAllTasks(SingleThreadEventExecutor.java:535)
	at io.netty.channel.SingleThreadIoEventLoop.run(SingleThreadIoEventLoop.java:201)
	at io.netty.util.concurrent.SingleThreadEventExecutor$5.run(SingleThreadEventExecutor.java:1195)
	at io.netty.util.internal.ThreadExecutorMap$2.run(ThreadExecutorMap.java:74)
	at io.netty.util.concurrent.FastThreadLocalRunnable.run(FastThreadLocalRunnable.java:30)
	at java.base/java.lang.Thread.run(Thread.java:1474)
2026-06-07 12:33:22,877 [vert.x-worker-thread-5] INFO com.javalord.vertx_stock_broker.broker.db.migration.FlywayMigration - Migrating DB schema using jdbc url: jdbc:postgresql://localhost:5432/vertx_stock_broker
2026-06-07 12:33:23,364 [vert.x-worker-thread-5] INFO org.flywaydb.core.FlywayExecutor - Database: jdbc:postgresql://localhost:5432/vertx_stock_broker (PostgreSQL 18.1)
2026-06-07 12:33:23,498 [vert.x-worker-thread-5] INFO com.javalord.vertx_stock_broker.broker.db.migration.FlywayMigration - DB schema is at version: 0.1
2026-06-07 12:33:23,684 [vert.x-worker-thread-5] INFO com.javalord.vertx_stock_broker.broker.db.migration.FlywayMigration - Pending migrations are: []
2026-06-07 12:33:23,774 [vert.x-worker-thread-5] INFO org.flywaydb.core.internal.command.DbValidate - Successfully validated 2 migrations (execution time 00:00.009s)
2026-06-07 12:33:23,846 [vert.x-worker-thread-5] INFO org.flywaydb.core.internal.command.DbMigrate - Current version of schema "broker": 0.1
2026-06-07 12:33:23,851 [vert.x-worker-thread-5] INFO org.flywaydb.core.internal.command.DbMigrate - Schema "broker" is up to date. No migration necessary.
2026-06-07 12:33:23,855 [vert.x-eventloop-thread-5] INFO com.javalord.vertx_stock_broker.broker.db.migration.FlywayMigration - Database migration completed successfully
2026-06-07 12:33:28,535 [vert.x-eventloop-thread-1] INFO com.javalord.vertx_stock_broker.broker.quotes.GetQuoteFromDatabaseHandler - Asset parameter: AMZN
2026-06-07 12:33:28,769 [vert.x-eventloop-thread-1] INFO com.javalord.vertx_stock_broker.broker.quotes.GetQuoteFromDatabaseHandler - Asset eeror: ERROR: relation "broker.qoute" does not exist (42P01)
2026-06-07 12:34:11,253 [main] INFO com.javalord.vertx_stock_broker.broker.MainVerticle - Info...
2026-06-07 12:34:11,901 [vert.x-eventloop-thread-4] INFO com.javalord.vertx_stock_broker.broker.RestApiVerticle - Retrieved configuration: BrokerConfig(serverPort=12000, version=1.0, dbConfig=DbConfig(host=localhost, port=5432, database=vertx_stock_broker, user=postgres, password=chris))
2026-06-07 12:34:11,901 [vert.x-eventloop-thread-2] INFO com.javalord.vertx_stock_broker.broker.RestApiVerticle - Retrieved configuration: BrokerConfig(serverPort=12000, version=1.0, dbConfig=DbConfig(host=localhost, port=5432, database=vertx_stock_broker, user=postgres, password=chris))
2026-06-07 12:34:11,901 [vert.x-eventloop-thread-1] INFO com.javalord.vertx_stock_broker.broker.RestApiVerticle - Retrieved configuration: BrokerConfig(serverPort=12000, version=1.0, dbConfig=DbConfig(host=localhost, port=5432, database=vertx_stock_broker, user=postgres, password=chris))
2026-06-07 12:34:11,901 [vert.x-eventloop-thread-3] INFO com.javalord.vertx_stock_broker.broker.RestApiVerticle - Retrieved configuration: BrokerConfig(serverPort=12000, version=1.0, dbConfig=DbConfig(host=localhost, port=5432, database=vertx_stock_broker, user=postgres, password=chris))
2026-06-07 12:34:12,053 [vert.x-eventloop-thread-0] INFO com.javalord.vertx_stock_broker.broker.MainVerticle - Deployed RestApiVerticle with id 2
2026-06-07 12:34:12,054 [vert.x-eventloop-thread-3] INFO com.javalord.vertx_stock_broker.broker.RestApiVerticle - HTTP server started on port 12000
2026-06-07 12:34:12,054 [vert.x-eventloop-thread-2] INFO com.javalord.vertx_stock_broker.broker.RestApiVerticle - HTTP server started on port 12000
2026-06-07 12:34:12,054 [vert.x-eventloop-thread-1] INFO com.javalord.vertx_stock_broker.broker.RestApiVerticle - HTTP server started on port 12000
2026-06-07 12:34:12,055 [vert.x-eventloop-thread-4] INFO com.javalord.vertx_stock_broker.broker.RestApiVerticle - HTTP server started on port 12000
2026-06-07 12:34:12,060 [vert.x-eventloop-thread-5] ERROR io.vertx.core.impl.ContextImpl - Unhandled exception
java.lang.NullPointerException: Cannot invoke "io.vertx.core.impl.future.FutureBase.addListener(io.vertx.core.Completable)" because "future" is null
	at io.vertx.core.impl.future.Composition.complete(Composition.java:48)
	at io.vertx.core.impl.future.FutureImpl$ListenerArray.complete(FutureImpl.java:188)
	at io.vertx.core.impl.future.FutureBase.emitResult(FutureBase.java:94)
	at io.vertx.core.impl.future.FutureBase.emitResult(FutureBase.java:85)
	at io.vertx.core.impl.future.FutureImpl.completeInternal(FutureImpl.java:137)
	at io.vertx.core.impl.future.Mapping.complete(Mapping.java:45)
	at io.vertx.core.impl.future.FutureBase$EmitResultTask.run(FutureBase.java:125)
	at io.netty.util.concurrent.AbstractEventExecutor.runTask(AbstractEventExecutor.java:148)
	at io.netty.util.concurrent.AbstractEventExecutor.safeExecute(AbstractEventExecutor.java:141)
	at io.netty.util.concurrent.SingleThreadEventExecutor.runAllTasks(SingleThreadEventExecutor.java:535)
	at io.netty.channel.SingleThreadIoEventLoop.run(SingleThreadIoEventLoop.java:201)
	at io.netty.util.concurrent.SingleThreadEventExecutor$5.run(SingleThreadEventExecutor.java:1195)
	at io.netty.util.internal.ThreadExecutorMap$2.run(ThreadExecutorMap.java:74)
	at io.netty.util.concurrent.FastThreadLocalRunnable.run(FastThreadLocalRunnable.java:30)
	at java.base/java.lang.Thread.run(Thread.java:1474)
2026-06-07 12:34:12,068 [vert.x-worker-thread-5] INFO com.javalord.vertx_stock_broker.broker.db.migration.FlywayMigration - Migrating DB schema using jdbc url: jdbc:postgresql://localhost:5432/vertx_stock_broker
2026-06-07 12:34:12,624 [vert.x-worker-thread-5] INFO org.flywaydb.core.FlywayExecutor - Database: jdbc:postgresql://localhost:5432/vertx_stock_broker (PostgreSQL 18.1)
2026-06-07 12:34:12,787 [vert.x-worker-thread-5] INFO com.javalord.vertx_stock_broker.broker.db.migration.FlywayMigration - DB schema is at version: 0.1
2026-06-07 12:34:12,943 [vert.x-worker-thread-5] INFO com.javalord.vertx_stock_broker.broker.db.migration.FlywayMigration - Pending migrations are: []
2026-06-07 12:34:13,018 [vert.x-worker-thread-5] INFO org.flywaydb.core.internal.command.DbValidate - Successfully validated 2 migrations (execution time 00:00.008s)
2026-06-07 12:34:13,196 [vert.x-worker-thread-5] INFO org.flywaydb.core.internal.command.DbMigrate - Current version of schema "broker": 0.1
2026-06-07 12:34:13,202 [vert.x-worker-thread-5] INFO org.flywaydb.core.internal.command.DbMigrate - Schema "broker" is up to date. No migration necessary.
2026-06-07 12:34:13,206 [vert.x-eventloop-thread-5] INFO com.javalord.vertx_stock_broker.broker.db.migration.FlywayMigration - Database migration completed successfully
2026-06-07 12:34:17,664 [vert.x-eventloop-thread-1] INFO com.javalord.vertx_stock_broker.broker.quotes.GetQuoteFromDatabaseHandler - Asset parameter: AMZN
2026-06-07 12:34:18,042 [vert.x-eventloop-thread-1] INFO com.javalord.vertx_stock_broker.broker.quotes.GetQuoteFromDatabaseHandler - Asset eeror: Unrecognized field "last_price" (class com.javalord.vertx_stock_broker.broker.quotes.QuoteEntity), not marked as ignorable (5 known properties: "asset", "ask", "volume", "lastPrice", "bid"])
 at [Source: UNKNOWN; byte offset: #UNKNOWN] (through reference chain: com.javalord.vertx_stock_broker.broker.quotes.QuoteEntity["last_price"])
2026-06-07 12:36:03,638 [main] INFO com.javalord.vertx_stock_broker.broker.MainVerticle - Info...
2026-06-07 12:36:04,271 [vert.x-eventloop-thread-3] INFO com.javalord.vertx_stock_broker.broker.RestApiVerticle - Retrieved configuration: BrokerConfig(serverPort=12000, version=1.0, dbConfig=DbConfig(host=localhost, port=5432, database=vertx_stock_broker, user=postgres, password=chris))
2026-06-07 12:36:04,271 [vert.x-eventloop-thread-4] INFO com.javalord.vertx_stock_broker.broker.RestApiVerticle - Retrieved configuration: BrokerConfig(serverPort=12000, version=1.0, dbConfig=DbConfig(host=localhost, port=5432, database=vertx_stock_broker, user=postgres, password=chris))
2026-06-07 12:36:04,271 [vert.x-eventloop-thread-2] INFO com.javalord.vertx_stock_broker.broker.RestApiVerticle - Retrieved configuration: BrokerConfig(serverPort=12000, version=1.0, dbConfig=DbConfig(host=localhost, port=5432, database=vertx_stock_broker, user=postgres, password=chris))
2026-06-07 12:36:04,271 [vert.x-eventloop-thread-1] INFO com.javalord.vertx_stock_broker.broker.RestApiVerticle - Retrieved configuration: BrokerConfig(serverPort=12000, version=1.0, dbConfig=DbConfig(host=localhost, port=5432, database=vertx_stock_broker, user=postgres, password=chris))
2026-06-07 12:36:04,419 [vert.x-eventloop-thread-0] INFO com.javalord.vertx_stock_broker.broker.MainVerticle - Deployed RestApiVerticle with id 2
2026-06-07 12:36:04,420 [vert.x-eventloop-thread-2] INFO com.javalord.vertx_stock_broker.broker.RestApiVerticle - HTTP server started on port 12000
2026-06-07 12:36:04,420 [vert.x-eventloop-thread-4] INFO com.javalord.vertx_stock_broker.broker.RestApiVerticle - HTTP server started on port 12000
2026-06-07 12:36:04,420 [vert.x-eventloop-thread-1] INFO com.javalord.vertx_stock_broker.broker.RestApiVerticle - HTTP server started on port 12000
2026-06-07 12:36:04,420 [vert.x-eventloop-thread-3] INFO com.javalord.vertx_stock_broker.broker.RestApiVerticle - HTTP server started on port 12000
2026-06-07 12:36:04,426 [vert.x-eventloop-thread-5] ERROR io.vertx.core.impl.ContextImpl - Unhandled exception
java.lang.NullPointerException: Cannot invoke "io.vertx.core.impl.future.FutureBase.addListener(io.vertx.core.Completable)" because "future" is null
	at io.vertx.core.impl.future.Composition.complete(Composition.java:48)
	at io.vertx.core.impl.future.FutureImpl$ListenerArray.complete(FutureImpl.java:188)
	at io.vertx.core.impl.future.FutureBase.emitResult(FutureBase.java:94)
	at io.vertx.core.impl.future.FutureBase.emitResult(FutureBase.java:85)
	at io.vertx.core.impl.future.FutureImpl.completeInternal(FutureImpl.java:137)
	at io.vertx.core.impl.future.Mapping.complete(Mapping.java:45)
	at io.vertx.core.impl.future.FutureBase$EmitResultTask.run(FutureBase.java:125)
	at io.netty.util.concurrent.AbstractEventExecutor.runTask(AbstractEventExecutor.java:148)
	at io.netty.util.concurrent.AbstractEventExecutor.safeExecute(AbstractEventExecutor.java:141)
	at io.netty.util.concurrent.SingleThreadEventExecutor.runAllTasks(SingleThreadEventExecutor.java:535)
	at io.netty.channel.SingleThreadIoEventLoop.run(SingleThreadIoEventLoop.java:201)
	at io.netty.util.concurrent.SingleThreadEventExecutor$5.run(SingleThreadEventExecutor.java:1195)
	at io.netty.util.internal.ThreadExecutorMap$2.run(ThreadExecutorMap.java:74)
	at io.netty.util.concurrent.FastThreadLocalRunnable.run(FastThreadLocalRunnable.java:30)
	at java.base/java.lang.Thread.run(Thread.java:1474)
2026-06-07 12:36:04,434 [vert.x-worker-thread-5] INFO com.javalord.vertx_stock_broker.broker.db.migration.FlywayMigration - Migrating DB schema using jdbc url: jdbc:postgresql://localhost:5432/vertx_stock_broker
2026-06-07 12:36:04,945 [vert.x-worker-thread-5] INFO org.flywaydb.core.FlywayExecutor - Database: jdbc:postgresql://localhost:5432/vertx_stock_broker (PostgreSQL 18.1)
2026-06-07 12:36:05,077 [vert.x-worker-thread-5] INFO com.javalord.vertx_stock_broker.broker.db.migration.FlywayMigration - DB schema is at version: 0.1
2026-06-07 12:36:05,221 [vert.x-worker-thread-5] INFO com.javalord.vertx_stock_broker.broker.db.migration.FlywayMigration - Pending migrations are: []
2026-06-07 12:36:05,299 [vert.x-worker-thread-5] INFO org.flywaydb.core.internal.command.DbValidate - Successfully validated 2 migrations (execution time 00:00.009s)
2026-06-07 12:36:05,360 [vert.x-worker-thread-5] INFO org.flywaydb.core.internal.command.DbMigrate - Current version of schema "broker": 0.1
2026-06-07 12:36:05,364 [vert.x-worker-thread-5] INFO org.flywaydb.core.internal.command.DbMigrate - Schema "broker" is up to date. No migration necessary.
2026-06-07 12:36:05,367 [vert.x-eventloop-thread-5] INFO com.javalord.vertx_stock_broker.broker.db.migration.FlywayMigration - Database migration completed successfully
2026-06-07 12:36:22,739 [vert.x-eventloop-thread-3] INFO com.javalord.vertx_stock_broker.broker.quotes.GetQuoteFromDatabaseHandler - Asset parameter: AMZN
2026-06-07 12:38:21,109 [vert.x-eventloop-thread-1] INFO com.javalord.vertx_stock_broker.broker.quotes.GetQuoteFromDatabaseHandler - Asset parameter: AMZN
2026-06-07 12:38:23,118 [vert.x-eventloop-thread-1] INFO com.javalord.vertx_stock_broker.broker.quotes.GetQuoteFromDatabaseHandler - Asset parameter: AMZN
2026-06-07 12:38:24,810 [vert.x-eventloop-thread-1] INFO com.javalord.vertx_stock_broker.broker.quotes.GetQuoteFromDatabaseHandler - Asset parameter: AMZN
2026-06-07 12:38:25,964 [vert.x-eventloop-thread-1] INFO com.javalord.vertx_stock_broker.broker.quotes.GetQuoteFromDatabaseHandler - Asset parameter: AMZN
2026-06-07 12:38:27,031 [vert.x-eventloop-thread-1] INFO com.javalord.vertx_stock_broker.broker.quotes.GetQuoteFromDatabaseHandler - Asset parameter: AMZN
2026-06-07 12:38:27,924 [vert.x-eventloop-thread-1] INFO com.javalord.vertx_stock_broker.broker.quotes.GetQuoteFromDatabaseHandler - Asset parameter: AMZN
2026-06-07 12:38:29,097 [vert.x-eventloop-thread-1] INFO com.javalord.vertx_stock_broker.broker.quotes.GetQuoteFromDatabaseHandler - Asset parameter: AMZN
2026-06-07 12:38:30,111 [vert.x-eventloop-thread-1] INFO com.javalord.vertx_stock_broker.broker.quotes.GetQuoteFromDatabaseHandler - Asset parameter: AMZN
2026-06-07 12:38:31,198 [vert.x-eventloop-thread-1] INFO com.javalord.vertx_stock_broker.broker.quotes.GetQuoteFromDatabaseHandler - Asset parameter: AMZN
2026-06-07 12:38:32,335 [vert.x-eventloop-thread-1] INFO com.javalord.vertx_stock_broker.broker.quotes.GetQuoteFromDatabaseHandler - Asset parameter: AMZN
2026-06-07 12:38:33,382 [vert.x-eventloop-thread-1] INFO com.javalord.vertx_stock_broker.broker.quotes.GetQuoteFromDatabaseHandler - Asset parameter: AMZN
2026-06-07 12:38:34,843 [vert.x-eventloop-thread-1] INFO com.javalord.vertx_stock_broker.broker.quotes.GetQuoteFromDatabaseHandler - Asset parameter: AMZN
2026-06-07 12:38:35,983 [vert.x-eventloop-thread-1] INFO com.javalord.vertx_stock_broker.broker.quotes.GetQuoteFromDatabaseHandler - Asset parameter: AMZN
2026-06-07 12:38:37,130 [vert.x-eventloop-thread-1] INFO com.javalord.vertx_stock_broker.broker.quotes.GetQuoteFromDatabaseHandler - Asset parameter: AMZN
2026-06-07 12:38:38,578 [vert.x-eventloop-thread-1] INFO com.javalord.vertx_stock_broker.broker.quotes.GetQuoteFromDatabaseHandler - Asset parameter: AMZN
2026-06-07 12:38:39,730 [vert.x-eventloop-thread-1] INFO com.javalord.vertx_stock_broker.broker.quotes.GetQuoteFromDatabaseHandler - Asset parameter: AMZN
2026-06-07 12:38:40,668 [vert.x-eventloop-thread-1] INFO com.javalord.vertx_stock_broker.broker.quotes.GetQuoteFromDatabaseHandler - Asset parameter: AMZN
2026-06-07 12:38:41,629 [vert.x-eventloop-thread-1] INFO com.javalord.vertx_stock_broker.broker.quotes.GetQuoteFromDatabaseHandler - Asset parameter: AMZN
2026-06-07 12:38:42,668 [vert.x-eventloop-thread-1] INFO com.javalord.vertx_stock_broker.broker.quotes.GetQuoteFromDatabaseHandler - Asset parameter: AMZN
2026-06-07 12:38:43,893 [vert.x-eventloop-thread-1] INFO com.javalord.vertx_stock_broker.broker.quotes.GetQuoteFromDatabaseHandler - Asset parameter: AMZN
2026-06-07 12:38:45,030 [vert.x-eventloop-thread-1] INFO com.javalord.vertx_stock_broker.broker.quotes.GetQuoteFromDatabaseHandler - Asset parameter: AMZN
2026-06-07 12:38:46,135 [vert.x-eventloop-thread-1] INFO com.javalord.vertx_stock_broker.broker.quotes.GetQuoteFromDatabaseHandler - Asset parameter: AMZN
2026-06-07 12:38:47,343 [vert.x-eventloop-thread-1] INFO com.javalord.vertx_stock_broker.broker.quotes.GetQuoteFromDatabaseHandler - Asset parameter: AMZN
2026-06-07 12:38:48,381 [vert.x-eventloop-thread-1] INFO com.javalord.vertx_stock_broker.broker.quotes.GetQuoteFromDatabaseHandler - Asset parameter: AMZN
2026-06-07 12:38:49,312 [vert.x-eventloop-thread-1] INFO com.javalord.vertx_stock_broker.broker.quotes.GetQuoteFromDatabaseHandler - Asset parameter: AMZN
2026-06-07 12:38:50,401 [vert.x-eventloop-thread-1] INFO com.javalord.vertx_stock_broker.broker.quotes.GetQuoteFromDatabaseHandler - Asset parameter: AMZN
2026-06-07 12:38:51,249 [vert.x-eventloop-thread-1] INFO com.javalord.vertx_stock_broker.broker.quotes.GetQuoteFromDatabaseHandler - Asset parameter: AMZN
2026-06-07 12:38:52,378 [vert.x-eventloop-thread-1] INFO com.javalord.vertx_stock_broker.broker.quotes.GetQuoteFromDatabaseHandler - Asset parameter: AMZN
2026-06-07 12:39:10,614 [vert.x-eventloop-thread-1] INFO com.javalord.vertx_stock_broker.broker.quotes.GetQuoteFromDatabaseHandler - Asset parameter: AMZN
2026-06-07 13:18:07,162 [main] INFO com.javalord.vertx_stock_broker.broker.MainVerticle - Info...
2026-06-07 13:18:07,846 [vert.x-eventloop-thread-1] INFO com.javalord.vertx_stock_broker.broker.RestApiVerticle - Retrieved configuration: BrokerConfig(serverPort=12000, version=1.0, dbConfig=DbConfig(host=localhost, port=5432, database=vertx_stock_broker, user=postgres, password=chris))
2026-06-07 13:18:07,846 [vert.x-eventloop-thread-2] INFO com.javalord.vertx_stock_broker.broker.RestApiVerticle - Retrieved configuration: BrokerConfig(serverPort=12000, version=1.0, dbConfig=DbConfig(host=localhost, port=5432, database=vertx_stock_broker, user=postgres, password=chris))
2026-06-07 13:18:07,846 [vert.x-eventloop-thread-3] INFO com.javalord.vertx_stock_broker.broker.RestApiVerticle - Retrieved configuration: BrokerConfig(serverPort=12000, version=1.0, dbConfig=DbConfig(host=localhost, port=5432, database=vertx_stock_broker, user=postgres, password=chris))
2026-06-07 13:18:07,846 [vert.x-eventloop-thread-4] INFO com.javalord.vertx_stock_broker.broker.RestApiVerticle - Retrieved configuration: BrokerConfig(serverPort=12000, version=1.0, dbConfig=DbConfig(host=localhost, port=5432, database=vertx_stock_broker, user=postgres, password=chris))
2026-06-07 13:18:08,004 [vert.x-eventloop-thread-0] INFO com.javalord.vertx_stock_broker.broker.MainVerticle - Deployed RestApiVerticle with id 2
2026-06-07 13:18:08,004 [vert.x-eventloop-thread-2] INFO com.javalord.vertx_stock_broker.broker.RestApiVerticle - HTTP server started on port 12000
2026-06-07 13:18:08,004 [vert.x-eventloop-thread-1] INFO com.javalord.vertx_stock_broker.broker.RestApiVerticle - HTTP server started on port 12000
2026-06-07 13:18:08,004 [vert.x-eventloop-thread-4] INFO com.javalord.vertx_stock_broker.broker.RestApiVerticle - HTTP server started on port 12000
2026-06-07 13:18:08,006 [vert.x-eventloop-thread-3] INFO com.javalord.vertx_stock_broker.broker.RestApiVerticle - HTTP server started on port 12000
2026-06-07 13:18:08,011 [vert.x-eventloop-thread-5] ERROR io.vertx.core.impl.ContextImpl - Unhandled exception
java.lang.NullPointerException: Cannot invoke "io.vertx.core.impl.future.FutureBase.addListener(io.vertx.core.Completable)" because "future" is null
	at io.vertx.core.impl.future.Composition.complete(Composition.java:48)
	at io.vertx.core.impl.future.FutureImpl$ListenerArray.complete(FutureImpl.java:188)
	at io.vertx.core.impl.future.FutureBase.emitResult(FutureBase.java:94)
	at io.vertx.core.impl.future.FutureBase.emitResult(FutureBase.java:85)
	at io.vertx.core.impl.future.FutureImpl.completeInternal(FutureImpl.java:137)
	at io.vertx.core.impl.future.Mapping.complete(Mapping.java:45)
	at io.vertx.core.impl.future.FutureBase$EmitResultTask.run(FutureBase.java:125)
	at io.netty.util.concurrent.AbstractEventExecutor.runTask(AbstractEventExecutor.java:148)
	at io.netty.util.concurrent.AbstractEventExecutor.safeExecute(AbstractEventExecutor.java:141)
	at io.netty.util.concurrent.SingleThreadEventExecutor.runAllTasks(SingleThreadEventExecutor.java:535)
	at io.netty.channel.SingleThreadIoEventLoop.run(SingleThreadIoEventLoop.java:201)
	at io.netty.util.concurrent.SingleThreadEventExecutor$5.run(SingleThreadEventExecutor.java:1195)
	at io.netty.util.internal.ThreadExecutorMap$2.run(ThreadExecutorMap.java:74)
	at io.netty.util.concurrent.FastThreadLocalRunnable.run(FastThreadLocalRunnable.java:30)
	at java.base/java.lang.Thread.run(Thread.java:1474)
2026-06-07 13:18:08,020 [vert.x-worker-thread-5] INFO com.javalord.vertx_stock_broker.broker.db.migration.FlywayMigration - Migrating DB schema using jdbc url: jdbc:postgresql://localhost:5432/vertx_stock_broker
2026-06-07 13:18:08,582 [vert.x-worker-thread-5] INFO org.flywaydb.core.FlywayExecutor - Database: jdbc:postgresql://localhost:5432/vertx_stock_broker (PostgreSQL 18.1)
2026-06-07 13:18:08,723 [vert.x-worker-thread-5] INFO com.javalord.vertx_stock_broker.broker.db.migration.FlywayMigration - DB schema is at version: 0.1
2026-06-07 13:18:08,880 [vert.x-worker-thread-5] INFO com.javalord.vertx_stock_broker.broker.db.migration.FlywayMigration - Pending migrations are: [0.2 - create watchlst table]
2026-06-07 13:18:08,956 [vert.x-worker-thread-5] INFO org.flywaydb.core.internal.command.DbValidate - Successfully validated 3 migrations (execution time 00:00.009s)
2026-06-07 13:18:09,079 [vert.x-worker-thread-5] INFO org.flywaydb.core.internal.command.DbMigrate - Current version of schema "broker": 0.1
2026-06-07 13:18:09,113 [vert.x-worker-thread-5] INFO org.flywaydb.core.internal.command.DbMigrate - Migrating schema "broker" to version "0.2 - create watchlst table"
2026-06-07 13:18:09,153 [vert.x-worker-thread-5] ERROR org.flywaydb.core.internal.command.DbMigrate - Migration of schema "broker" to version "0.2 - create watchlst table" failed! Changes successfully rolled back.
2026-06-07 13:18:09,161 [vert.x-eventloop-thread-5] ERROR com.javalord.vertx_stock_broker.broker.db.migration.FlywayMigration - Database migration failed
org.flywaydb.core.internal.exception.FlywayMigrateException: Failed to execute script V0.2__create_watchlst_table.sql
--------------------------------------------------------
SQL State  : 42601
Error Code : 0
Message    : ERROR: syntax error at or near ";"
  Position: 153
Location   : db/migration/V0.2__create_watchlst_table.sql (C:\Users\JavaLord\Downloads\vertx-stock-broker\target\classes\db\migration\V0.2__create_watchlst_table.sql)
Line       : 1
Statement  : Run Flyway with -X option to see the actual statement causing the problem

	at org.flywaydb.core.internal.command.DbMigrate.doMigrateGroup(DbMigrate.java:399)
	at org.flywaydb.core.internal.command.DbMigrate.lambda$applyMigrations$1(DbMigrate.java:283)
	at org.flywaydb.core.internal.jdbc.TransactionalExecutionTemplate.execute(TransactionalExecutionTemplate.java:59)
	at org.flywaydb.core.internal.command.DbMigrate.applyMigrations(DbMigrate.java:282)
	at org.flywaydb.core.internal.command.DbMigrate.migrateGroup(DbMigrate.java:255)
	at org.flywaydb.core.internal.command.DbMigrate.lambda$migrateAll$0(DbMigrate.java:153)
	at org.flywaydb.database.postgresql.PostgreSQLAdvisoryLockTemplate.execute(PostgreSQLAdvisoryLockTemplate.java:77)
	at org.flywaydb.database.postgresql.PostgreSQLAdvisoryLockTemplate.lambda$execute$0(PostgreSQLAdvisoryLockTemplate.java:60)
	at org.flywaydb.core.internal.jdbc.TransactionalExecutionTemplate.execute(TransactionalExecutionTemplate.java:59)
	at org.flywaydb.database.postgresql.PostgreSQLAdvisoryLockTemplate.execute(PostgreSQLAdvisoryLockTemplate.java:60)
	at org.flywaydb.database.postgresql.PostgreSQLConnection.lock(PostgreSQLConnection.java:105)
	at org.flywaydb.core.internal.schemahistory.JdbcTableSchemaHistory.lock(JdbcTableSchemaHistory.java:164)
	at org.flywaydb.core.internal.command.DbMigrate.migrateAll(DbMigrate.java:153)
	at org.flywaydb.core.internal.command.DbMigrate.migrate(DbMigrate.java:104)
	at org.flywaydb.core.Flyway.lambda$migrate$3(Flyway.java:245)
	at org.flywaydb.core.FlywayExecutor.execute(FlywayExecutor.java:240)
	at org.flywaydb.core.Flyway.migrate(Flyway.java:186)
	at com.javalord.vertx_stock_broker.broker.db.migration.FlywayMigration.excute(FlywayMigration.java:54)
	at com.javalord.vertx_stock_broker.broker.db.migration.FlywayMigration.lambda$migrate$0(FlywayMigration.java:24)
	at io.vertx.core.impl.ExecuteBlocking$1.execute(ExecuteBlocking.java:36)
	at io.vertx.core.impl.WorkerTask.run(WorkerTask.java:57)
	at io.vertx.core.impl.TaskQueue.run(TaskQueue.java:86)
	at java.base/java.util.concurrent.ThreadPoolExecutor.runWorker(ThreadPoolExecutor.java:1090)
	at java.base/java.util.concurrent.ThreadPoolExecutor$Worker.run(ThreadPoolExecutor.java:614)
	at io.netty.util.concurrent.FastThreadLocalRunnable.run(FastThreadLocalRunnable.java:30)
	at java.base/java.lang.Thread.run(Thread.java:1474)
Caused by: org.flywaydb.core.internal.sqlscript.FlywaySqlScriptException: Failed to execute script V0.2__create_watchlst_table.sql
--------------------------------------------------------
SQL State  : 42601
Error Code : 0
Message    : ERROR: syntax error at or near ";"
  Position: 153
Location   : db/migration/V0.2__create_watchlst_table.sql (C:\Users\JavaLord\Downloads\vertx-stock-broker\target\classes\db\migration\V0.2__create_watchlst_table.sql)
Line       : 1
Statement  : Run Flyway with -X option to see the actual statement causing the problem

	at org.flywaydb.core.internal.sqlscript.DefaultSqlScriptExecutor.handleException(DefaultSqlScriptExecutor.java:255)
	at org.flywaydb.core.internal.sqlscript.DefaultSqlScriptExecutor.executeStatement(DefaultSqlScriptExecutor.java:216)
	at org.flywaydb.core.internal.sqlscript.DefaultSqlScriptExecutor.execute(DefaultSqlScriptExecutor.java:136)
	at org.flywaydb.core.internal.resolver.sql.SqlMigrationExecutor.executeOnce(SqlMigrationExecutor.java:75)
	at org.flywaydb.core.internal.resolver.sql.SqlMigrationExecutor.lambda$execute$0(SqlMigrationExecutor.java:66)
	at org.flywaydb.core.internal.database.DefaultExecutionStrategy.execute(DefaultExecutionStrategy.java:31)
	at org.flywaydb.core.internal.resolver.sql.SqlMigrationExecutor.execute(SqlMigrationExecutor.java:65)
	at org.flywaydb.core.internal.command.DbMigrate.doMigrateGroup(DbMigrate.java:391)
	... 25 more
Caused by: org.postgresql.util.PSQLException: ERROR: syntax error at or near ";"
  Position: 153
	at org.postgresql.core.v3.QueryExecutorImpl.receiveErrorResponse(QueryExecutorImpl.java:2875)
	at org.postgresql.core.v3.QueryExecutorImpl.processResults(QueryExecutorImpl.java:2560)
	at org.postgresql.core.v3.QueryExecutorImpl.execute(QueryExecutorImpl.java:429)
	at org.postgresql.jdbc.PgStatement.executeInternal(PgStatement.java:526)
	at org.postgresql.jdbc.PgStatement.execute(PgStatement.java:436)
	at org.postgresql.jdbc.PgStatement.executeWithFlags(PgStatement.java:358)
	at org.postgresql.jdbc.PgStatement.executeCachedSql(PgStatement.java:343)
	at org.postgresql.jdbc.PgStatement.executeWithFlags(PgStatement.java:319)
	at org.postgresql.jdbc.PgStatement.execute(PgStatement.java:314)
	at org.flywaydb.core.internal.jdbc.JdbcTemplate.executeStatement(JdbcTemplate.java:215)
	at org.flywaydb.core.internal.sqlscript.ParsedSqlStatement.execute(ParsedSqlStatement.java:88)
	at org.flywaydb.core.internal.sqlscript.DefaultSqlScriptExecutor.executeStatement(DefaultSqlScriptExecutor.java:211)
	... 31 more
2026-06-07 13:18:52,474 [main] INFO com.javalord.vertx_stock_broker.broker.MainVerticle - Info...
2026-06-07 13:18:53,224 [vert.x-eventloop-thread-4] INFO com.javalord.vertx_stock_broker.broker.RestApiVerticle - Retrieved configuration: BrokerConfig(serverPort=12000, version=1.0, dbConfig=DbConfig(host=localhost, port=5432, database=vertx_stock_broker, user=postgres, password=chris))
2026-06-07 13:18:53,224 [vert.x-eventloop-thread-2] INFO com.javalord.vertx_stock_broker.broker.RestApiVerticle - Retrieved configuration: BrokerConfig(serverPort=12000, version=1.0, dbConfig=DbConfig(host=localhost, port=5432, database=vertx_stock_broker, user=postgres, password=chris))
2026-06-07 13:18:53,224 [vert.x-eventloop-thread-3] INFO com.javalord.vertx_stock_broker.broker.RestApiVerticle - Retrieved configuration: BrokerConfig(serverPort=12000, version=1.0, dbConfig=DbConfig(host=localhost, port=5432, database=vertx_stock_broker, user=postgres, password=chris))
2026-06-07 13:18:53,224 [vert.x-eventloop-thread-1] INFO com.javalord.vertx_stock_broker.broker.RestApiVerticle - Retrieved configuration: BrokerConfig(serverPort=12000, version=1.0, dbConfig=DbConfig(host=localhost, port=5432, database=vertx_stock_broker, user=postgres, password=chris))
2026-06-07 13:18:53,381 [vert.x-eventloop-thread-0] INFO com.javalord.vertx_stock_broker.broker.MainVerticle - Deployed RestApiVerticle with id 2
2026-06-07 13:18:53,382 [vert.x-eventloop-thread-4] INFO com.javalord.vertx_stock_broker.broker.RestApiVerticle - HTTP server started on port 12000
2026-06-07 13:18:53,382 [vert.x-eventloop-thread-2] INFO com.javalord.vertx_stock_broker.broker.RestApiVerticle - HTTP server started on port 12000
2026-06-07 13:18:53,382 [vert.x-eventloop-thread-1] INFO com.javalord.vertx_stock_broker.broker.RestApiVerticle - HTTP server started on port 12000
2026-06-07 13:18:53,382 [vert.x-eventloop-thread-3] INFO com.javalord.vertx_stock_broker.broker.RestApiVerticle - HTTP server started on port 12000
2026-06-07 13:18:53,387 [vert.x-eventloop-thread-5] ERROR io.vertx.core.impl.ContextImpl - Unhandled exception
java.lang.NullPointerException: Cannot invoke "io.vertx.core.impl.future.FutureBase.addListener(io.vertx.core.Completable)" because "future" is null
	at io.vertx.core.impl.future.Composition.complete(Composition.java:48)
	at io.vertx.core.impl.future.FutureImpl$ListenerArray.complete(FutureImpl.java:188)
	at io.vertx.core.impl.future.FutureBase.emitResult(FutureBase.java:94)
	at io.vertx.core.impl.future.FutureBase.emitResult(FutureBase.java:85)
	at io.vertx.core.impl.future.FutureImpl.completeInternal(FutureImpl.java:137)
	at io.vertx.core.impl.future.Mapping.complete(Mapping.java:45)
	at io.vertx.core.impl.future.FutureBase$EmitResultTask.run(FutureBase.java:125)
	at io.netty.util.concurrent.AbstractEventExecutor.runTask(AbstractEventExecutor.java:148)
	at io.netty.util.concurrent.AbstractEventExecutor.safeExecute(AbstractEventExecutor.java:141)
	at io.netty.util.concurrent.SingleThreadEventExecutor.runAllTasks(SingleThreadEventExecutor.java:535)
	at io.netty.channel.SingleThreadIoEventLoop.run(SingleThreadIoEventLoop.java:201)
	at io.netty.util.concurrent.SingleThreadEventExecutor$5.run(SingleThreadEventExecutor.java:1195)
	at io.netty.util.internal.ThreadExecutorMap$2.run(ThreadExecutorMap.java:74)
	at io.netty.util.concurrent.FastThreadLocalRunnable.run(FastThreadLocalRunnable.java:30)
	at java.base/java.lang.Thread.run(Thread.java:1474)
2026-06-07 13:18:53,396 [vert.x-worker-thread-5] INFO com.javalord.vertx_stock_broker.broker.db.migration.FlywayMigration - Migrating DB schema using jdbc url: jdbc:postgresql://localhost:5432/vertx_stock_broker
2026-06-07 13:18:53,912 [vert.x-worker-thread-5] INFO org.flywaydb.core.FlywayExecutor - Database: jdbc:postgresql://localhost:5432/vertx_stock_broker (PostgreSQL 18.1)
2026-06-07 13:18:54,065 [vert.x-worker-thread-5] INFO com.javalord.vertx_stock_broker.broker.db.migration.FlywayMigration - DB schema is at version: 0.1
2026-06-07 13:18:54,328 [vert.x-worker-thread-5] INFO com.javalord.vertx_stock_broker.broker.db.migration.FlywayMigration - Pending migrations are: [0.2 - create watchlst table]
2026-06-07 13:18:54,478 [vert.x-worker-thread-5] INFO org.flywaydb.core.internal.command.DbValidate - Successfully validated 3 migrations (execution time 00:00.022s)
2026-06-07 13:18:54,629 [vert.x-worker-thread-5] INFO org.flywaydb.core.internal.command.DbMigrate - Current version of schema "broker": 0.1
2026-06-07 13:18:54,663 [vert.x-worker-thread-5] INFO org.flywaydb.core.internal.command.DbMigrate - Migrating schema "broker" to version "0.2 - create watchlst table"
2026-06-07 13:18:54,747 [vert.x-worker-thread-5] INFO org.flywaydb.core.internal.command.DbMigrate - Successfully applied 1 migration to schema "broker", now at version v0.2 (execution time 00:00.054s)
2026-06-07 13:18:54,749 [vert.x-eventloop-thread-5] INFO com.javalord.vertx_stock_broker.broker.db.migration.FlywayMigration - Database migration completed successfully
2026-06-07 13:21:36,414 [vert.x-eventloop-thread-2] INFO com.javalord.vertx_stock_broker.broker.watchlist.GetWatchListDatabaseHandler - Error occurs trying to get watchlist: ERROR: missing FROM-clause entry for table "w" (42P01)
2026-06-07 13:21:50,611 [vert.x-eventloop-thread-2] INFO com.javalord.vertx_stock_broker.broker.watchlist.GetWatchListDatabaseHandler - Error occurs trying to get watchlist: ERROR: missing FROM-clause entry for table "w" (42P01)
2026-06-07 13:21:57,724 [vert.x-eventloop-thread-2] INFO com.javalord.vertx_stock_broker.broker.watchlist.GetWatchListDatabaseHandler - Error occurs trying to get watchlist: ERROR: missing FROM-clause entry for table "w" (42P01)
2026-06-07 13:22:59,845 [main] INFO com.javalord.vertx_stock_broker.broker.MainVerticle - Info...
2026-06-07 13:23:00,524 [vert.x-eventloop-thread-3] INFO com.javalord.vertx_stock_broker.broker.RestApiVerticle - Retrieved configuration: BrokerConfig(serverPort=12000, version=1.0, dbConfig=DbConfig(host=localhost, port=5432, database=vertx_stock_broker, user=postgres, password=chris))
2026-06-07 13:23:00,524 [vert.x-eventloop-thread-1] INFO com.javalord.vertx_stock_broker.broker.RestApiVerticle - Retrieved configuration: BrokerConfig(serverPort=12000, version=1.0, dbConfig=DbConfig(host=localhost, port=5432, database=vertx_stock_broker, user=postgres, password=chris))
2026-06-07 13:23:00,524 [vert.x-eventloop-thread-4] INFO com.javalord.vertx_stock_broker.broker.RestApiVerticle - Retrieved configuration: BrokerConfig(serverPort=12000, version=1.0, dbConfig=DbConfig(host=localhost, port=5432, database=vertx_stock_broker, user=postgres, password=chris))
2026-06-07 13:23:00,524 [vert.x-eventloop-thread-2] INFO com.javalord.vertx_stock_broker.broker.RestApiVerticle - Retrieved configuration: BrokerConfig(serverPort=12000, version=1.0, dbConfig=DbConfig(host=localhost, port=5432, database=vertx_stock_broker, user=postgres, password=chris))
2026-06-07 13:23:00,679 [vert.x-eventloop-thread-0] INFO com.javalord.vertx_stock_broker.broker.MainVerticle - Deployed RestApiVerticle with id 2
2026-06-07 13:23:00,681 [vert.x-eventloop-thread-2] INFO com.javalord.vertx_stock_broker.broker.RestApiVerticle - HTTP server started on port 12000
2026-06-07 13:23:00,682 [vert.x-eventloop-thread-3] INFO com.javalord.vertx_stock_broker.broker.RestApiVerticle - HTTP server started on port 12000
2026-06-07 13:23:00,682 [vert.x-eventloop-thread-1] INFO com.javalord.vertx_stock_broker.broker.RestApiVerticle - HTTP server started on port 12000
2026-06-07 13:23:00,682 [vert.x-eventloop-thread-4] INFO com.javalord.vertx_stock_broker.broker.RestApiVerticle - HTTP server started on port 12000
2026-06-07 13:23:00,686 [vert.x-eventloop-thread-5] ERROR io.vertx.core.impl.ContextImpl - Unhandled exception
java.lang.NullPointerException: Cannot invoke "io.vertx.core.impl.future.FutureBase.addListener(io.vertx.core.Completable)" because "future" is null
	at io.vertx.core.impl.future.Composition.complete(Composition.java:48)
	at io.vertx.core.impl.future.FutureImpl$ListenerArray.complete(FutureImpl.java:188)
	at io.vertx.core.impl.future.FutureBase.emitResult(FutureBase.java:94)
	at io.vertx.core.impl.future.FutureBase.emitResult(FutureBase.java:85)
	at io.vertx.core.impl.future.FutureImpl.completeInternal(FutureImpl.java:137)
	at io.vertx.core.impl.future.Mapping.complete(Mapping.java:45)
	at io.vertx.core.impl.future.FutureBase$EmitResultTask.run(FutureBase.java:125)
	at io.netty.util.concurrent.AbstractEventExecutor.runTask(AbstractEventExecutor.java:148)
	at io.netty.util.concurrent.AbstractEventExecutor.safeExecute(AbstractEventExecutor.java:141)
	at io.netty.util.concurrent.SingleThreadEventExecutor.runAllTasks(SingleThreadEventExecutor.java:535)
	at io.netty.channel.SingleThreadIoEventLoop.run(SingleThreadIoEventLoop.java:201)
	at io.netty.util.concurrent.SingleThreadEventExecutor$5.run(SingleThreadEventExecutor.java:1195)
	at io.netty.util.internal.ThreadExecutorMap$2.run(ThreadExecutorMap.java:74)
	at io.netty.util.concurrent.FastThreadLocalRunnable.run(FastThreadLocalRunnable.java:30)
	at java.base/java.lang.Thread.run(Thread.java:1474)
2026-06-07 13:23:00,695 [vert.x-worker-thread-5] INFO com.javalord.vertx_stock_broker.broker.db.migration.FlywayMigration - Migrating DB schema using jdbc url: jdbc:postgresql://localhost:5432/vertx_stock_broker
2026-06-07 13:23:01,197 [vert.x-worker-thread-5] INFO org.flywaydb.core.FlywayExecutor - Database: jdbc:postgresql://localhost:5432/vertx_stock_broker (PostgreSQL 18.1)
2026-06-07 13:23:01,330 [vert.x-worker-thread-5] INFO com.javalord.vertx_stock_broker.broker.db.migration.FlywayMigration - DB schema is at version: 0.2
2026-06-07 13:23:01,486 [vert.x-worker-thread-5] INFO com.javalord.vertx_stock_broker.broker.db.migration.FlywayMigration - Pending migrations are: []
2026-06-07 13:23:01,566 [vert.x-worker-thread-5] INFO org.flywaydb.core.internal.command.DbValidate - Successfully validated 3 migrations (execution time 00:00.009s)
2026-06-07 13:23:01,635 [vert.x-worker-thread-5] INFO org.flywaydb.core.internal.command.DbMigrate - Current version of schema "broker": 0.2
2026-06-07 13:23:01,638 [vert.x-worker-thread-5] INFO org.flywaydb.core.internal.command.DbMigrate - Schema "broker" is up to date. No migration necessary.
2026-06-07 13:23:01,643 [vert.x-eventloop-thread-5] INFO com.javalord.vertx_stock_broker.broker.db.migration.FlywayMigration - Database migration completed successfully
2026-06-07 16:48:30,282 [vertx-blocked-thread-checker] WARN io.vertx.core.impl.BlockedThreadChecker - Thread vert.x-internal-blocking-13 has been blocked for 94189 ms, time limit is 60000 ms
io.vertx.core.VertxException: Thread blocked
	at io.vertx.core.file.impl.FileResolverImpl.resolveFile2(FileResolverImpl.java:120)
	at io.vertx.core.file.impl.FileResolverImpl.resolve(FileResolverImpl.java:104)
	at io.vertx.core.file.impl.FileSystemImpl.resolveFile(FileSystemImpl.java:969)
	at io.vertx.core.file.impl.FileSystemImpl$16.perform(FileSystemImpl.java:878)
	at io.vertx.core.file.impl.FileSystemImpl$16.perform(FileSystemImpl.java:875)
	at io.vertx.core.file.impl.FileSystemImpl$BlockingAction.call(FileSystemImpl.java:989)
	at io.vertx.core.impl.ExecuteBlocking$1.execute(ExecuteBlocking.java:36)
	at io.vertx.core.impl.WorkerTask.run(WorkerTask.java:57)
	at java.base/java.util.concurrent.ThreadPoolExecutor.runWorker(ThreadPoolExecutor.java:1090)
	at java.base/java.util.concurrent.ThreadPoolExecutor$Worker.run(ThreadPoolExecutor.java:614)
	at io.netty.util.concurrent.FastThreadLocalRunnable.run(FastThreadLocalRunnable.java:30)
	at java.base/java.lang.Thread.run(Thread.java:1474)
2026-06-07 16:48:30,360 [vertx-blocked-thread-checker] WARN io.vertx.core.impl.BlockedThreadChecker - Thread vert.x-internal-blocking-6 has been blocked for 94201 ms, time limit is 60000 ms
io.vertx.core.VertxException: Thread blocked
	at io.vertx.core.file.impl.FileResolverImpl.resolveFile2(FileResolverImpl.java:120)
	at io.vertx.core.file.impl.FileResolverImpl.resolve(FileResolverImpl.java:104)
	at io.vertx.core.file.impl.FileSystemImpl.resolveFile(FileSystemImpl.java:969)
	at io.vertx.core.file.impl.FileSystemImpl$16.perform(FileSystemImpl.java:878)
	at io.vertx.core.file.impl.FileSystemImpl$16.perform(FileSystemImpl.java:875)
	at io.vertx.core.file.impl.FileSystemImpl$BlockingAction.call(FileSystemImpl.java:989)
	at io.vertx.core.impl.ExecuteBlocking$1.execute(ExecuteBlocking.java:36)
	at io.vertx.core.impl.WorkerTask.run(WorkerTask.java:57)
	at java.base/java.util.concurrent.ThreadPoolExecutor.runWorker(ThreadPoolExecutor.java:1090)
	at java.base/java.util.concurrent.ThreadPoolExecutor$Worker.run(ThreadPoolExecutor.java:614)
	at io.netty.util.concurrent.FastThreadLocalRunnable.run(FastThreadLocalRunnable.java:30)
	at java.base/java.lang.Thread.run(Thread.java:1474)
2026-06-07 16:48:30,369 [vertx-blocked-thread-checker] WARN io.vertx.core.impl.BlockedThreadChecker - Thread vert.x-internal-blocking-12 has been blocked for 94193 ms, time limit is 60000 ms
io.vertx.core.VertxException: Thread blocked
	at io.vertx.core.file.impl.FileResolverImpl.resolveFile2(FileResolverImpl.java:120)
	at io.vertx.core.file.impl.FileResolverImpl.resolve(FileResolverImpl.java:104)
	at io.vertx.core.file.impl.FileSystemImpl.resolveFile(FileSystemImpl.java:969)
	at io.vertx.core.file.impl.FileSystemImpl$16.perform(FileSystemImpl.java:878)
	at io.vertx.core.file.impl.FileSystemImpl$16.perform(FileSystemImpl.java:875)
	at io.vertx.core.file.impl.FileSystemImpl$BlockingAction.call(FileSystemImpl.java:989)
	at io.vertx.core.impl.ExecuteBlocking$1.execute(ExecuteBlocking.java:36)
	at io.vertx.core.impl.WorkerTask.run(WorkerTask.java:57)
	at java.base/java.util.concurrent.ThreadPoolExecutor.runWorker(ThreadPoolExecutor.java:1090)
	at java.base/java.util.concurrent.ThreadPoolExecutor$Worker.run(ThreadPoolExecutor.java:614)
	at io.netty.util.concurrent.FastThreadLocalRunnable.run(FastThreadLocalRunnable.java:30)
	at java.base/java.lang.Thread.run(Thread.java:1474)
2026-06-07 16:48:30,373 [vertx-blocked-thread-checker] WARN io.vertx.core.impl.BlockedThreadChecker - Thread vert.x-internal-blocking-7 has been blocked for 94208 ms, time limit is 60000 ms
io.vertx.core.VertxException: Thread blocked
	at io.vertx.core.file.impl.FileResolverImpl.resolveFile2(FileResolverImpl.java:120)
	at io.vertx.core.file.impl.FileResolverImpl.resolve(FileResolverImpl.java:104)
	at io.vertx.core.file.impl.FileSystemImpl.resolveFile(FileSystemImpl.java:969)
	at io.vertx.core.file.impl.FileSystemImpl$16.perform(FileSystemImpl.java:878)
	at io.vertx.core.file.impl.FileSystemImpl$16.perform(FileSystemImpl.java:875)
	at io.vertx.core.file.impl.FileSystemImpl$BlockingAction.call(FileSystemImpl.java:989)
	at io.vertx.core.impl.ExecuteBlocking$1.execute(ExecuteBlocking.java:36)
	at io.vertx.core.impl.WorkerTask.run(WorkerTask.java:57)
	at java.base/java.util.concurrent.ThreadPoolExecutor.runWorker(ThreadPoolExecutor.java:1090)
	at java.base/java.util.concurrent.ThreadPoolExecutor$Worker.run(ThreadPoolExecutor.java:614)
	at io.netty.util.concurrent.FastThreadLocalRunnable.run(FastThreadLocalRunnable.java:30)
	at java.base/java.lang.Thread.run(Thread.java:1474)
2026-06-07 16:48:30,379 [vertx-blocked-thread-checker] WARN io.vertx.core.impl.BlockedThreadChecker - Thread vert.x-internal-blocking-4 has been blocked for 94209 ms, time limit is 60000 ms
io.vertx.core.VertxException: Thread blocked
	at io.vertx.core.file.impl.FileResolverImpl.resolveFile2(FileResolverImpl.java:120)
	at io.vertx.core.file.impl.FileResolverImpl.resolve(FileResolverImpl.java:104)
	at io.vertx.core.file.impl.FileSystemImpl.resolveFile(FileSystemImpl.java:969)
	at io.vertx.core.file.impl.FileSystemImpl$16.perform(FileSystemImpl.java:878)
	at io.vertx.core.file.impl.FileSystemImpl$16.perform(FileSystemImpl.java:875)
	at io.vertx.core.file.impl.FileSystemImpl$BlockingAction.call(FileSystemImpl.java:989)
	at io.vertx.core.impl.ExecuteBlocking$1.execute(ExecuteBlocking.java:36)
	at io.vertx.core.impl.WorkerTask.run(WorkerTask.java:57)
	at java.base/java.util.concurrent.ThreadPoolExecutor.runWorker(ThreadPoolExecutor.java:1090)
	at java.base/java.util.concurrent.ThreadPoolExecutor$Worker.run(ThreadPoolExecutor.java:614)
	at io.netty.util.concurrent.FastThreadLocalRunnable.run(FastThreadLocalRunnable.java:30)
	at java.base/java.lang.Thread.run(Thread.java:1474)
2026-06-07 16:48:30,385 [vertx-blocked-thread-checker] WARN io.vertx.core.impl.BlockedThreadChecker - Thread vert.x-internal-blocking-19 has been blocked for 94202 ms, time limit is 60000 ms
io.vertx.core.VertxException: Thread blocked
	at io.vertx.core.file.impl.FileResolverImpl.resolveFile2(FileResolverImpl.java:120)
	at io.vertx.core.file.impl.FileResolverImpl.resolve(FileResolverImpl.java:104)
	at io.vertx.core.file.impl.FileSystemImpl.resolveFile(FileSystemImpl.java:969)
	at io.vertx.core.file.impl.FileSystemImpl$16.perform(FileSystemImpl.java:878)
	at io.vertx.core.file.impl.FileSystemImpl$16.perform(FileSystemImpl.java:875)
	at io.vertx.core.file.impl.FileSystemImpl$BlockingAction.call(FileSystemImpl.java:989)
	at io.vertx.core.impl.ExecuteBlocking$1.execute(ExecuteBlocking.java:36)
	at io.vertx.core.impl.WorkerTask.run(WorkerTask.java:57)
	at java.base/java.util.concurrent.ThreadPoolExecutor.runWorker(ThreadPoolExecutor.java:1090)
	at java.base/java.util.concurrent.ThreadPoolExecutor$Worker.run(ThreadPoolExecutor.java:614)
	at io.netty.util.concurrent.FastThreadLocalRunnable.run(FastThreadLocalRunnable.java:30)
	at java.base/java.lang.Thread.run(Thread.java:1474)
2026-06-07 16:48:30,391 [vertx-blocked-thread-checker] WARN io.vertx.core.impl.BlockedThreadChecker - Thread vert.x-internal-blocking-16 has been blocked for 94192 ms, time limit is 60000 ms
io.vertx.core.VertxException: Thread blocked
	at io.vertx.core.file.impl.FileResolverImpl.resolveFile2(FileResolverImpl.java:120)
	at io.vertx.core.file.impl.FileResolverImpl.resolve(FileResolverImpl.java:104)
	at io.vertx.core.file.impl.FileSystemImpl.resolveFile(FileSystemImpl.java:969)
	at io.vertx.core.file.impl.FileSystemImpl$16.perform(FileSystemImpl.java:878)
	at io.vertx.core.file.impl.FileSystemImpl$16.perform(FileSystemImpl.java:875)
	at io.vertx.core.file.impl.FileSystemImpl$BlockingAction.call(FileSystemImpl.java:989)
	at io.vertx.core.impl.ExecuteBlocking$1.execute(ExecuteBlocking.java:36)
	at io.vertx.core.impl.WorkerTask.run(WorkerTask.java:57)
	at java.base/java.util.concurrent.ThreadPoolExecutor.runWorker(ThreadPoolExecutor.java:1090)
	at java.base/java.util.concurrent.ThreadPoolExecutor$Worker.run(ThreadPoolExecutor.java:614)
	at io.netty.util.concurrent.FastThreadLocalRunnable.run(FastThreadLocalRunnable.java:30)
	at java.base/java.lang.Thread.run(Thread.java:1474)
2026-06-07 16:48:30,397 [vertx-blocked-thread-checker] WARN io.vertx.core.impl.BlockedThreadChecker - Thread vert.x-internal-blocking-0 has been blocked for 94190 ms, time limit is 60000 ms
io.vertx.core.VertxException: Thread blocked
	at io.vertx.core.file.impl.FileResolverImpl.resolveFile2(FileResolverImpl.java:120)
	at io.vertx.core.file.impl.FileResolverImpl.resolve(FileResolverImpl.java:104)
	at io.vertx.core.file.impl.FileSystemImpl.resolveFile(FileSystemImpl.java:969)
	at io.vertx.core.file.impl.FileSystemImpl$16.perform(FileSystemImpl.java:878)
	at io.vertx.core.file.impl.FileSystemImpl$16.perform(FileSystemImpl.java:875)
	at io.vertx.core.file.impl.FileSystemImpl$BlockingAction.call(FileSystemImpl.java:989)
	at io.vertx.core.impl.ExecuteBlocking$1.execute(ExecuteBlocking.java:36)
	at io.vertx.core.impl.WorkerTask.run(WorkerTask.java:57)
	at java.base/java.util.concurrent.ThreadPoolExecutor.runWorker(ThreadPoolExecutor.java:1090)
	at java.base/java.util.concurrent.ThreadPoolExecutor$Worker.run(ThreadPoolExecutor.java:614)
	at io.netty.util.concurrent.FastThreadLocalRunnable.run(FastThreadLocalRunnable.java:30)
	at java.base/java.lang.Thread.run(Thread.java:1474)
2026-06-07 16:48:30,403 [vertx-blocked-thread-checker] WARN io.vertx.core.impl.BlockedThreadChecker - Thread vert.x-internal-blocking-10 has been blocked for 94205 ms, time limit is 60000 ms
io.vertx.core.VertxException: Thread blocked
	at io.vertx.core.file.impl.FileResolverImpl.resolveFile2(FileResolverImpl.java:120)
	at io.vertx.core.file.impl.FileResolverImpl.resolve(FileResolverImpl.java:104)
	at io.vertx.core.file.impl.FileSystemImpl.resolveFile(FileSystemImpl.java:969)
	at io.vertx.core.file.impl.FileSystemImpl$16.perform(FileSystemImpl.java:878)
	at io.vertx.core.file.impl.FileSystemImpl$16.perform(FileSystemImpl.java:875)
	at io.vertx.core.file.impl.FileSystemImpl$BlockingAction.call(FileSystemImpl.java:989)
	at io.vertx.core.impl.ExecuteBlocking$1.execute(ExecuteBlocking.java:36)
	at io.vertx.core.impl.WorkerTask.run(WorkerTask.java:57)
	at java.base/java.util.concurrent.ThreadPoolExecutor.runWorker(ThreadPoolExecutor.java:1090)
	at java.base/java.util.concurrent.ThreadPoolExecutor$Worker.run(ThreadPoolExecutor.java:614)
	at io.netty.util.concurrent.FastThreadLocalRunnable.run(FastThreadLocalRunnable.java:30)
	at java.base/java.lang.Thread.run(Thread.java:1474)
2026-06-07 16:48:30,409 [vertx-blocked-thread-checker] WARN io.vertx.core.impl.BlockedThreadChecker - Thread vert.x-internal-blocking-8 has been blocked for 94187 ms, time limit is 60000 ms
io.vertx.core.VertxException: Thread blocked
	at io.vertx.core.file.impl.FileResolverImpl.resolveFile2(FileResolverImpl.java:120)
	at io.vertx.core.file.impl.FileResolverImpl.resolve(FileResolverImpl.java:104)
	at io.vertx.core.file.impl.FileSystemImpl.resolveFile(FileSystemImpl.java:969)
	at io.vertx.core.file.impl.FileSystemImpl$16.perform(FileSystemImpl.java:878)
	at io.vertx.core.file.impl.FileSystemImpl$16.perform(FileSystemImpl.java:875)
	at io.vertx.core.file.impl.FileSystemImpl$BlockingAction.call(FileSystemImpl.java:989)
	at io.vertx.core.impl.ExecuteBlocking$1.execute(ExecuteBlocking.java:36)
	at io.vertx.core.impl.WorkerTask.run(WorkerTask.java:57)
	at java.base/java.util.concurrent.ThreadPoolExecutor.runWorker(ThreadPoolExecutor.java:1090)
	at java.base/java.util.concurrent.ThreadPoolExecutor$Worker.run(ThreadPoolExecutor.java:614)
	at io.netty.util.concurrent.FastThreadLocalRunnable.run(FastThreadLocalRunnable.java:30)
	at java.base/java.lang.Thread.run(Thread.java:1474)
2026-06-07 16:48:30,419 [vertx-blocked-thread-checker] WARN io.vertx.core.impl.BlockedThreadChecker - Thread vert.x-internal-blocking-9 has been blocked for 94199 ms, time limit is 60000 ms
io.vertx.core.VertxException: Thread blocked
	at io.vertx.core.file.impl.FileResolverImpl.resolveFile2(FileResolverImpl.java:120)
	at io.vertx.core.file.impl.FileResolverImpl.resolve(FileResolverImpl.java:104)
	at io.vertx.core.file.impl.FileSystemImpl.resolveFile(FileSystemImpl.java:969)
	at io.vertx.core.file.impl.FileSystemImpl$16.perform(FileSystemImpl.java:878)
	at io.vertx.core.file.impl.FileSystemImpl$16.perform(FileSystemImpl.java:875)
	at io.vertx.core.file.impl.FileSystemImpl$BlockingAction.call(FileSystemImpl.java:989)
	at io.vertx.core.impl.ExecuteBlocking$1.execute(ExecuteBlocking.java:36)
	at io.vertx.core.impl.WorkerTask.run(WorkerTask.java:57)
	at java.base/java.util.concurrent.ThreadPoolExecutor.runWorker(ThreadPoolExecutor.java:1090)
	at java.base/java.util.concurrent.ThreadPoolExecutor$Worker.run(ThreadPoolExecutor.java:614)
	at io.netty.util.concurrent.FastThreadLocalRunnable.run(FastThreadLocalRunnable.java:30)
	at java.base/java.lang.Thread.run(Thread.java:1474)
2026-06-07 16:48:30,423 [vertx-blocked-thread-checker] WARN io.vertx.core.impl.BlockedThreadChecker - Thread vert.x-internal-blocking-5 has been blocked for 94197 ms, time limit is 60000 ms
io.vertx.core.VertxException: Thread blocked
	at io.vertx.core.file.impl.FileResolverImpl.resolveFile2(FileResolverImpl.java:120)
	at io.vertx.core.file.impl.FileResolverImpl.resolve(FileResolverImpl.java:104)
	at io.vertx.core.file.impl.FileSystemImpl.resolveFile(FileSystemImpl.java:969)
	at io.vertx.core.file.impl.FileSystemImpl$16.perform(FileSystemImpl.java:878)
	at io.vertx.core.file.impl.FileSystemImpl$16.perform(FileSystemImpl.java:875)
	at io.vertx.core.file.impl.FileSystemImpl$BlockingAction.call(FileSystemImpl.java:989)
	at io.vertx.core.impl.ExecuteBlocking$1.execute(ExecuteBlocking.java:36)
	at io.vertx.core.impl.WorkerTask.run(WorkerTask.java:57)
	at java.base/java.util.concurrent.ThreadPoolExecutor.runWorker(ThreadPoolExecutor.java:1090)
	at java.base/java.util.concurrent.ThreadPoolExecutor$Worker.run(ThreadPoolExecutor.java:614)
	at io.netty.util.concurrent.FastThreadLocalRunnable.run(FastThreadLocalRunnable.java:30)
	at java.base/java.lang.Thread.run(Thread.java:1474)
2026-06-07 16:48:30,425 [vertx-blocked-thread-checker] WARN io.vertx.core.impl.BlockedThreadChecker - Thread vert.x-internal-blocking-14 has been blocked for 94185 ms, time limit is 60000 ms
io.vertx.core.VertxException: Thread blocked
	at io.vertx.core.file.impl.FileResolverImpl.resolveFile2(FileResolverImpl.java:120)
	at io.vertx.core.file.impl.FileResolverImpl.resolve(FileResolverImpl.java:104)
	at io.vertx.core.file.impl.FileSystemImpl.resolveFile(FileSystemImpl.java:969)
	at io.vertx.core.file.impl.FileSystemImpl$16.perform(FileSystemImpl.java:878)
	at io.vertx.core.file.impl.FileSystemImpl$16.perform(FileSystemImpl.java:875)
	at io.vertx.core.file.impl.FileSystemImpl$BlockingAction.call(FileSystemImpl.java:989)
	at io.vertx.core.impl.ExecuteBlocking$1.execute(ExecuteBlocking.java:36)
	at io.vertx.core.impl.WorkerTask.run(WorkerTask.java:57)
	at java.base/java.util.concurrent.ThreadPoolExecutor.runWorker(ThreadPoolExecutor.java:1090)
	at java.base/java.util.concurrent.ThreadPoolExecutor$Worker.run(ThreadPoolExecutor.java:614)
	at io.netty.util.concurrent.FastThreadLocalRunnable.run(FastThreadLocalRunnable.java:30)
	at java.base/java.lang.Thread.run(Thread.java:1474)
2026-06-07 17:56:47,594 [vertx-blocked-thread-checker] WARN io.vertx.core.impl.BlockedThreadChecker - Thread vert.x-internal-blocking-11 has been blocked for 4093421 ms, time limit is 60000 ms
io.vertx.core.VertxException: Thread blocked
	at io.vertx.core.file.impl.FileResolverImpl.resolveFile2(FileResolverImpl.java:120)
	at io.vertx.core.file.impl.FileResolverImpl.resolve(FileResolverImpl.java:104)
	at io.vertx.core.file.impl.FileSystemImpl.resolveFile(FileSystemImpl.java:969)
	at io.vertx.core.file.impl.FileSystemImpl$16.perform(FileSystemImpl.java:878)
	at io.vertx.core.file.impl.FileSystemImpl$16.perform(FileSystemImpl.java:875)
	at io.vertx.core.file.impl.FileSystemImpl$BlockingAction.call(FileSystemImpl.java:989)
	at io.vertx.core.impl.ExecuteBlocking$1.execute(ExecuteBlocking.java:36)
	at io.vertx.core.impl.WorkerTask.run(WorkerTask.java:57)
	at java.base/java.util.concurrent.ThreadPoolExecutor.runWorker(ThreadPoolExecutor.java:1090)
	at java.base/java.util.concurrent.ThreadPoolExecutor$Worker.run(ThreadPoolExecutor.java:614)
	at io.netty.util.concurrent.FastThreadLocalRunnable.run(FastThreadLocalRunnable.java:30)
	at java.base/java.lang.Thread.run(Thread.java:1474)
2026-06-07 17:56:48,005 [vertx-blocked-thread-checker] WARN io.vertx.core.impl.BlockedThreadChecker - Thread vert.x-internal-blocking-13 has been blocked for 4093423 ms, time limit is 60000 ms
io.vertx.core.VertxException: Thread blocked
	at io.vertx.core.file.impl.FileResolverImpl.resolveFile2(FileResolverImpl.java:120)
	at io.vertx.core.file.impl.FileResolverImpl.resolve(FileResolverImpl.java:104)
	at io.vertx.core.file.impl.FileSystemImpl.resolveFile(FileSystemImpl.java:969)
	at io.vertx.core.file.impl.FileSystemImpl$16.perform(FileSystemImpl.java:878)
	at io.vertx.core.file.impl.FileSystemImpl$16.perform(FileSystemImpl.java:875)
	at io.vertx.core.file.impl.FileSystemImpl$BlockingAction.call(FileSystemImpl.java:989)
	at io.vertx.core.impl.ExecuteBlocking$1.execute(ExecuteBlocking.java:36)
	at io.vertx.core.impl.WorkerTask.run(WorkerTask.java:57)
	at java.base/java.util.concurrent.ThreadPoolExecutor.runWorker(ThreadPoolExecutor.java:1090)
	at java.base/java.util.concurrent.ThreadPoolExecutor$Worker.run(ThreadPoolExecutor.java:614)
	at io.netty.util.concurrent.FastThreadLocalRunnable.run(FastThreadLocalRunnable.java:30)
	at java.base/java.lang.Thread.run(Thread.java:1474)
2026-06-07 17:56:48,050 [vertx-blocked-thread-checker] WARN io.vertx.core.impl.BlockedThreadChecker - Thread vert.x-internal-blocking-6 has been blocked for 4093429 ms, time limit is 60000 ms
io.vertx.core.VertxException: Thread blocked
	at io.vertx.core.file.impl.FileResolverImpl.resolveFile2(FileResolverImpl.java:120)
	at io.vertx.core.file.impl.FileResolverImpl.resolve(FileResolverImpl.java:104)
	at io.vertx.core.file.impl.FileSystemImpl.resolveFile(FileSystemImpl.java:969)
	at io.vertx.core.file.impl.FileSystemImpl$16.perform(FileSystemImpl.java:878)
	at io.vertx.core.file.impl.FileSystemImpl$16.perform(FileSystemImpl.java:875)
	at io.vertx.core.file.impl.FileSystemImpl$BlockingAction.call(FileSystemImpl.java:989)
	at io.vertx.core.impl.ExecuteBlocking$1.execute(ExecuteBlocking.java:36)
	at io.vertx.core.impl.WorkerTask.run(WorkerTask.java:57)
	at java.base/java.util.concurrent.ThreadPoolExecutor.runWorker(ThreadPoolExecutor.java:1090)
	at java.base/java.util.concurrent.ThreadPoolExecutor$Worker.run(ThreadPoolExecutor.java:614)
	at io.netty.util.concurrent.FastThreadLocalRunnable.run(FastThreadLocalRunnable.java:30)
	at java.base/java.lang.Thread.run(Thread.java:1474)
2026-06-07 17:56:48,182 [vertx-blocked-thread-checker] WARN io.vertx.core.impl.BlockedThreadChecker - Thread vert.x-internal-blocking-12 has been blocked for 4093419 ms, time limit is 60000 ms
io.vertx.core.VertxException: Thread blocked
	at io.vertx.core.file.impl.FileResolverImpl.resolveFile2(FileResolverImpl.java:120)
	at io.vertx.core.file.impl.FileResolverImpl.resolve(FileResolverImpl.java:104)
	at io.vertx.core.file.impl.FileSystemImpl.resolveFile(FileSystemImpl.java:969)
	at io.vertx.core.file.impl.FileSystemImpl$16.perform(FileSystemImpl.java:878)
	at io.vertx.core.file.impl.FileSystemImpl$16.perform(FileSystemImpl.java:875)
	at io.vertx.core.file.impl.FileSystemImpl$BlockingAction.call(FileSystemImpl.java:989)
	at io.vertx.core.impl.ExecuteBlocking$1.execute(ExecuteBlocking.java:36)
	at io.vertx.core.impl.WorkerTask.run(WorkerTask.java:57)
	at java.base/java.util.concurrent.ThreadPoolExecutor.runWorker(ThreadPoolExecutor.java:1090)
	at java.base/java.util.concurrent.ThreadPoolExecutor$Worker.run(ThreadPoolExecutor.java:614)
	at io.netty.util.concurrent.FastThreadLocalRunnable.run(FastThreadLocalRunnable.java:30)
	at java.base/java.lang.Thread.run(Thread.java:1474)
2026-06-07 17:56:48,223 [vertx-blocked-thread-checker] WARN io.vertx.core.impl.BlockedThreadChecker - Thread vert.x-internal-blocking-7 has been blocked for 4093432 ms, time limit is 60000 ms
io.vertx.core.VertxException: Thread blocked
	at io.vertx.core.file.impl.FileResolverImpl.resolveFile2(FileResolverImpl.java:120)
	at io.vertx.core.file.impl.FileResolverImpl.resolve(FileResolverImpl.java:104)
	at io.vertx.core.file.impl.FileSystemImpl.resolveFile(FileSystemImpl.java:969)
	at io.vertx.core.file.impl.FileSystemImpl$16.perform(FileSystemImpl.java:878)
	at io.vertx.core.file.impl.FileSystemImpl$16.perform(FileSystemImpl.java:875)
	at io.vertx.core.file.impl.FileSystemImpl$BlockingAction.call(FileSystemImpl.java:989)
	at io.vertx.core.impl.ExecuteBlocking$1.execute(ExecuteBlocking.java:36)
	at io.vertx.core.impl.WorkerTask.run(WorkerTask.java:57)
	at java.base/java.util.concurrent.ThreadPoolExecutor.runWorker(ThreadPoolExecutor.java:1090)
	at java.base/java.util.concurrent.ThreadPoolExecutor$Worker.run(ThreadPoolExecutor.java:614)
	at io.netty.util.concurrent.FastThreadLocalRunnable.run(FastThreadLocalRunnable.java:30)
	at java.base/java.lang.Thread.run(Thread.java:1474)
2026-06-07 17:56:48,282 [vertx-blocked-thread-checker] WARN io.vertx.core.impl.BlockedThreadChecker - Thread vert.x-internal-blocking-4 has been blocked for 4093412 ms, time limit is 60000 ms
io.vertx.core.VertxException: Thread blocked
	at io.vertx.core.file.impl.FileResolverImpl.resolveFile2(FileResolverImpl.java:120)
	at io.vertx.core.file.impl.FileResolverImpl.resolve(FileResolverImpl.java:104)
	at io.vertx.core.file.impl.FileSystemImpl.resolveFile(FileSystemImpl.java:969)
	at io.vertx.core.file.impl.FileSystemImpl$16.perform(FileSystemImpl.java:878)
	at io.vertx.core.file.impl.FileSystemImpl$16.perform(FileSystemImpl.java:875)
	at io.vertx.core.file.impl.FileSystemImpl$BlockingAction.call(FileSystemImpl.java:989)
	at io.vertx.core.impl.ExecuteBlocking$1.execute(ExecuteBlocking.java:36)
	at io.vertx.core.impl.WorkerTask.run(WorkerTask.java:57)
	at java.base/java.util.concurrent.ThreadPoolExecutor.runWorker(ThreadPoolExecutor.java:1090)
	at java.base/java.util.concurrent.ThreadPoolExecutor$Worker.run(ThreadPoolExecutor.java:614)
	at io.netty.util.concurrent.FastThreadLocalRunnable.run(FastThreadLocalRunnable.java:30)
	at java.base/java.lang.Thread.run(Thread.java:1474)
2026-06-07 17:56:48,288 [vertx-blocked-thread-checker] WARN io.vertx.core.impl.BlockedThreadChecker - Thread vert.x-internal-blocking-18 has been blocked for 4093413 ms, time limit is 60000 ms
io.vertx.core.VertxException: Thread blocked
	at io.vertx.core.file.impl.FileResolverImpl.resolveFile2(FileResolverImpl.java:120)
	at io.vertx.core.file.impl.FileResolverImpl.resolve(FileResolverImpl.java:104)
	at io.vertx.core.file.impl.FileSystemImpl.resolveFile(FileSystemImpl.java:969)
	at io.vertx.core.file.impl.FileSystemImpl$16.perform(FileSystemImpl.java:878)
	at io.vertx.core.file.impl.FileSystemImpl$16.perform(FileSystemImpl.java:875)
	at io.vertx.core.file.impl.FileSystemImpl$BlockingAction.call(FileSystemImpl.java:989)
	at io.vertx.core.impl.ExecuteBlocking$1.execute(ExecuteBlocking.java:36)
	at io.vertx.core.impl.WorkerTask.run(WorkerTask.java:57)
	at java.base/java.util.concurrent.ThreadPoolExecutor.runWorker(ThreadPoolExecutor.java:1090)
	at java.base/java.util.concurrent.ThreadPoolExecutor$Worker.run(ThreadPoolExecutor.java:614)
	at io.netty.util.concurrent.FastThreadLocalRunnable.run(FastThreadLocalRunnable.java:30)
	at java.base/java.lang.Thread.run(Thread.java:1474)
2026-06-07 17:56:51,218 [vertx-blocked-thread-checker] WARN io.vertx.core.impl.BlockedThreadChecker - Thread vert.x-internal-blocking-17 has been blocked for 4093416 ms, time limit is 60000 ms
io.vertx.core.VertxException: Thread blocked
	at io.vertx.core.file.impl.FileResolverImpl.resolveFile2(FileResolverImpl.java:120)
	at io.vertx.core.file.impl.FileResolverImpl.resolve(FileResolverImpl.java:104)
	at io.vertx.core.file.impl.FileSystemImpl.resolveFile(FileSystemImpl.java:969)
	at io.vertx.core.file.impl.FileSystemImpl$16.perform(FileSystemImpl.java:878)
	at io.vertx.core.file.impl.FileSystemImpl$16.perform(FileSystemImpl.java:875)
	at io.vertx.core.file.impl.FileSystemImpl$BlockingAction.call(FileSystemImpl.java:989)
	at io.vertx.core.impl.ExecuteBlocking$1.execute(ExecuteBlocking.java:36)
	at io.vertx.core.impl.WorkerTask.run(WorkerTask.java:57)
	at java.base/java.util.concurrent.ThreadPoolExecutor.runWorker(ThreadPoolExecutor.java:1090)
	at java.base/java.util.concurrent.ThreadPoolExecutor$Worker.run(ThreadPoolExecutor.java:614)
	at io.netty.util.concurrent.FastThreadLocalRunnable.run(FastThreadLocalRunnable.java:30)
	at java.base/java.lang.Thread.run(Thread.java:1474)
2026-06-07 17:56:51,220 [vertx-blocked-thread-checker] WARN io.vertx.core.impl.BlockedThreadChecker - Thread vert.x-internal-blocking-19 has been blocked for 4093430 ms, time limit is 60000 ms
io.vertx.core.VertxException: Thread blocked
	at io.vertx.core.file.impl.FileResolverImpl.resolveFile2(FileResolverImpl.java:120)
	at io.vertx.core.file.impl.FileResolverImpl.resolve(FileResolverImpl.java:104)
	at io.vertx.core.file.impl.FileSystemImpl.resolveFile(FileSystemImpl.java:969)
	at io.vertx.core.file.impl.FileSystemImpl$16.perform(FileSystemImpl.java:878)
	at io.vertx.core.file.impl.FileSystemImpl$16.perform(FileSystemImpl.java:875)
	at io.vertx.core.file.impl.FileSystemImpl$BlockingAction.call(FileSystemImpl.java:989)
	at io.vertx.core.impl.ExecuteBlocking$1.execute(ExecuteBlocking.java:36)
	at io.vertx.core.impl.WorkerTask.run(WorkerTask.java:57)
	at java.base/java.util.concurrent.ThreadPoolExecutor.runWorker(ThreadPoolExecutor.java:1090)
	at java.base/java.util.concurrent.ThreadPoolExecutor$Worker.run(ThreadPoolExecutor.java:614)
	at io.netty.util.concurrent.FastThreadLocalRunnable.run(FastThreadLocalRunnable.java:30)
	at java.base/java.lang.Thread.run(Thread.java:1474)
2026-06-07 17:56:51,220 [vertx-blocked-thread-checker] WARN io.vertx.core.impl.BlockedThreadChecker - Thread vert.x-internal-blocking-16 has been blocked for 4093427 ms, time limit is 60000 ms
io.vertx.core.VertxException: Thread blocked
	at io.vertx.core.file.impl.FileResolverImpl.resolveFile2(FileResolverImpl.java:120)
	at io.vertx.core.file.impl.FileResolverImpl.resolve(FileResolverImpl.java:104)
	at io.vertx.core.file.impl.FileSystemImpl.resolveFile(FileSystemImpl.java:969)
	at io.vertx.core.file.impl.FileSystemImpl$16.perform(FileSystemImpl.java:878)
	at io.vertx.core.file.impl.FileSystemImpl$16.perform(FileSystemImpl.java:875)
	at io.vertx.core.file.impl.FileSystemImpl$BlockingAction.call(FileSystemImpl.java:989)
	at io.vertx.core.impl.ExecuteBlocking$1.execute(ExecuteBlocking.java:36)
	at io.vertx.core.impl.WorkerTask.run(WorkerTask.java:57)
	at java.base/java.util.concurrent.ThreadPoolExecutor.runWorker(ThreadPoolExecutor.java:1090)
	at java.base/java.util.concurrent.ThreadPoolExecutor$Worker.run(ThreadPoolExecutor.java:614)
	at io.netty.util.concurrent.FastThreadLocalRunnable.run(FastThreadLocalRunnable.java:30)
	at java.base/java.lang.Thread.run(Thread.java:1474)
2026-06-07 17:56:51,222 [vertx-blocked-thread-checker] WARN io.vertx.core.impl.BlockedThreadChecker - Thread vert.x-internal-blocking-0 has been blocked for 4093421 ms, time limit is 60000 ms
io.vertx.core.VertxException: Thread blocked
	at io.vertx.core.file.impl.FileResolverImpl.resolveFile2(FileResolverImpl.java:120)
	at io.vertx.core.file.impl.FileResolverImpl.resolve(FileResolverImpl.java:104)
	at io.vertx.core.file.impl.FileSystemImpl.resolveFile(FileSystemImpl.java:969)
	at io.vertx.core.file.impl.FileSystemImpl$16.perform(FileSystemImpl.java:878)
	at io.vertx.core.file.impl.FileSystemImpl$16.perform(FileSystemImpl.java:875)
	at io.vertx.core.file.impl.FileSystemImpl$BlockingAction.call(FileSystemImpl.java:989)
	at io.vertx.core.impl.ExecuteBlocking$1.execute(ExecuteBlocking.java:36)
	at io.vertx.core.impl.WorkerTask.run(WorkerTask.java:57)
	at java.base/java.util.concurrent.ThreadPoolExecutor.runWorker(ThreadPoolExecutor.java:1090)
	at java.base/java.util.concurrent.ThreadPoolExecutor$Worker.run(ThreadPoolExecutor.java:614)
	at io.netty.util.concurrent.FastThreadLocalRunnable.run(FastThreadLocalRunnable.java:30)
	at java.base/java.lang.Thread.run(Thread.java:1474)
2026-06-07 17:56:51,230 [vertx-blocked-thread-checker] WARN io.vertx.core.impl.BlockedThreadChecker - Thread vert.x-internal-blocking-1 has been blocked for 4093412 ms, time limit is 60000 ms
io.vertx.core.VertxException: Thread blocked
	at java.base/sun.nio.fs.WindowsChannelFactory.open(WindowsChannelFactory.java:329)
	at java.base/sun.nio.fs.WindowsChannelFactory.newFileChannel(WindowsChannelFactory.java:165)
	at java.base/sun.nio.fs.WindowsFileSystemProvider.newByteChannel(WindowsFileSystemProvider.java:227)
	at java.base/java.nio.file.Files.newByteChannel(Files.java:357)
	at java.base/java.nio.file.Files.newByteChannel(Files.java:399)
	at java.base/java.nio.file.Files.readAllBytes(Files.java:2973)
	at io.vertx.core.file.impl.FileSystemImpl$16.perform(FileSystemImpl.java:879)
	at io.vertx.core.file.impl.FileSystemImpl$16.perform(FileSystemImpl.java:875)
	at io.vertx.core.file.impl.FileSystemImpl$BlockingAction.call(FileSystemImpl.java:989)
	at io.vertx.core.impl.ExecuteBlocking$1.execute(ExecuteBlocking.java:36)
	at io.vertx.core.impl.WorkerTask.run(WorkerTask.java:57)
	at java.base/java.util.concurrent.ThreadPoolExecutor.runWorker(ThreadPoolExecutor.java:1090)
	at java.base/java.util.concurrent.ThreadPoolExecutor$Worker.run(ThreadPoolExecutor.java:614)
	at io.netty.util.concurrent.FastThreadLocalRunnable.run(FastThreadLocalRunnable.java:30)
	at java.base/java.lang.Thread.run(Thread.java:1474)
2026-06-07 17:56:51,230 [vertx-blocked-thread-checker] WARN io.vertx.core.impl.BlockedThreadChecker - Thread vert.x-internal-blocking-15 has been blocked for 4093417 ms, time limit is 60000 ms
io.vertx.core.VertxException: Thread blocked
	at io.vertx.core.file.impl.FileResolverImpl.resolveFile2(FileResolverImpl.java:120)
	at io.vertx.core.file.impl.FileResolverImpl.resolve(FileResolverImpl.java:104)
	at io.vertx.core.file.impl.FileSystemImpl.resolveFile(FileSystemImpl.java:969)
	at io.vertx.core.file.impl.FileSystemImpl$16.perform(FileSystemImpl.java:878)
	at io.vertx.core.file.impl.FileSystemImpl$16.perform(FileSystemImpl.java:875)
	at io.vertx.core.file.impl.FileSystemImpl$BlockingAction.call(FileSystemImpl.java:989)
	at io.vertx.core.impl.ExecuteBlocking$1.execute(ExecuteBlocking.java:36)
	at io.vertx.core.impl.WorkerTask.run(WorkerTask.java:57)
	at java.base/java.util.concurrent.ThreadPoolExecutor.runWorker(ThreadPoolExecutor.java:1090)
	at java.base/java.util.concurrent.ThreadPoolExecutor$Worker.run(ThreadPoolExecutor.java:614)
	at io.netty.util.concurrent.FastThreadLocalRunnable.run(FastThreadLocalRunnable.java:30)
	at java.base/java.lang.Thread.run(Thread.java:1474)
2026-06-07 17:56:51,230 [vertx-blocked-thread-checker] WARN io.vertx.core.impl.BlockedThreadChecker - Thread vert.x-internal-blocking-10 has been blocked for 4093433 ms, time limit is 60000 ms
io.vertx.core.VertxException: Thread blocked
	at io.vertx.core.file.impl.FileResolverImpl.resolveFile2(FileResolverImpl.java:120)
	at io.vertx.core.file.impl.FileResolverImpl.resolve(FileResolverImpl.java:104)
	at io.vertx.core.file.impl.FileSystemImpl.resolveFile(FileSystemImpl.java:969)
	at io.vertx.core.file.impl.FileSystemImpl$16.perform(FileSystemImpl.java:878)
	at io.vertx.core.file.impl.FileSystemImpl$16.perform(FileSystemImpl.java:875)
	at io.vertx.core.file.impl.FileSystemImpl$BlockingAction.call(FileSystemImpl.java:989)
	at io.vertx.core.impl.ExecuteBlocking$1.execute(ExecuteBlocking.java:36)
	at io.vertx.core.impl.WorkerTask.run(WorkerTask.java:57)
	at java.base/java.util.concurrent.ThreadPoolExecutor.runWorker(ThreadPoolExecutor.java:1090)
	at java.base/java.util.concurrent.ThreadPoolExecutor$Worker.run(ThreadPoolExecutor.java:614)
	at io.netty.util.concurrent.FastThreadLocalRunnable.run(FastThreadLocalRunnable.java:30)
	at java.base/java.lang.Thread.run(Thread.java:1474)
2026-06-07 17:56:51,232 [vertx-blocked-thread-checker] WARN io.vertx.core.impl.BlockedThreadChecker - Thread vert.x-internal-blocking-8 has been blocked for 4093418 ms, time limit is 60000 ms
io.vertx.core.VertxException: Thread blocked
	at io.vertx.core.file.impl.FileResolverImpl.resolveFile2(FileResolverImpl.java:120)
	at io.vertx.core.file.impl.FileResolverImpl.resolve(FileResolverImpl.java:104)
	at io.vertx.core.file.impl.FileSystemImpl.resolveFile(FileSystemImpl.java:969)
	at io.vertx.core.file.impl.FileSystemImpl$16.perform(FileSystemImpl.java:878)
	at io.vertx.core.file.impl.FileSystemImpl$16.perform(FileSystemImpl.java:875)
	at io.vertx.core.file.impl.FileSystemImpl$BlockingAction.call(FileSystemImpl.java:989)
	at io.vertx.core.impl.ExecuteBlocking$1.execute(ExecuteBlocking.java:36)
	at io.vertx.core.impl.WorkerTask.run(WorkerTask.java:57)
	at java.base/java.util.concurrent.ThreadPoolExecutor.runWorker(ThreadPoolExecutor.java:1090)
	at java.base/java.util.concurrent.ThreadPoolExecutor$Worker.run(ThreadPoolExecutor.java:614)
	at io.netty.util.concurrent.FastThreadLocalRunnable.run(FastThreadLocalRunnable.java:30)
	at java.base/java.lang.Thread.run(Thread.java:1474)
2026-06-07 17:56:51,238 [vertx-blocked-thread-checker] WARN io.vertx.core.impl.BlockedThreadChecker - Thread vert.x-internal-blocking-9 has been blocked for 4093409 ms, time limit is 60000 ms
io.vertx.core.VertxException: Thread blocked
	at io.vertx.core.file.impl.FileResolverImpl.resolveFile2(FileResolverImpl.java:120)
	at io.vertx.core.file.impl.FileResolverImpl.resolve(FileResolverImpl.java:104)
	at io.vertx.core.file.impl.FileSystemImpl.resolveFile(FileSystemImpl.java:969)
	at io.vertx.core.file.impl.FileSystemImpl$16.perform(FileSystemImpl.java:878)
	at io.vertx.core.file.impl.FileSystemImpl$16.perform(FileSystemImpl.java:875)
	at io.vertx.core.file.impl.FileSystemImpl$BlockingAction.call(FileSystemImpl.java:989)
	at io.vertx.core.impl.ExecuteBlocking$1.execute(ExecuteBlocking.java:36)
	at io.vertx.core.impl.WorkerTask.run(WorkerTask.java:57)
	at java.base/java.util.concurrent.ThreadPoolExecutor.runWorker(ThreadPoolExecutor.java:1090)
	at java.base/java.util.concurrent.ThreadPoolExecutor$Worker.run(ThreadPoolExecutor.java:614)
	at io.netty.util.concurrent.FastThreadLocalRunnable.run(FastThreadLocalRunnable.java:30)
	at java.base/java.lang.Thread.run(Thread.java:1474)
2026-06-07 17:56:51,238 [vertx-blocked-thread-checker] WARN io.vertx.core.impl.BlockedThreadChecker - Thread vert.x-internal-blocking-5 has been blocked for 4093427 ms, time limit is 60000 ms
io.vertx.core.VertxException: Thread blocked
	at io.vertx.core.file.impl.FileResolverImpl.resolveFile2(FileResolverImpl.java:120)
	at io.vertx.core.file.impl.FileResolverImpl.resolve(FileResolverImpl.java:104)
	at io.vertx.core.file.impl.FileSystemImpl.resolveFile(FileSystemImpl.java:969)
	at io.vertx.core.file.impl.FileSystemImpl$16.perform(FileSystemImpl.java:878)
	at io.vertx.core.file.impl.FileSystemImpl$16.perform(FileSystemImpl.java:875)
	at io.vertx.core.file.impl.FileSystemImpl$BlockingAction.call(FileSystemImpl.java:989)
	at io.vertx.core.impl.ExecuteBlocking$1.execute(ExecuteBlocking.java:36)
	at io.vertx.core.impl.WorkerTask.run(WorkerTask.java:57)
	at java.base/java.util.concurrent.ThreadPoolExecutor.runWorker(ThreadPoolExecutor.java:1090)
	at java.base/java.util.concurrent.ThreadPoolExecutor$Worker.run(ThreadPoolExecutor.java:614)
	at io.netty.util.concurrent.FastThreadLocalRunnable.run(FastThreadLocalRunnable.java:30)
	at java.base/java.lang.Thread.run(Thread.java:1474)
2026-06-07 17:56:51,238 [vertx-blocked-thread-checker] WARN io.vertx.core.impl.BlockedThreadChecker - Thread vert.x-internal-blocking-3 has been blocked for 4093431 ms, time limit is 60000 ms
io.vertx.core.VertxException: Thread blocked
	at io.vertx.core.file.impl.FileResolverImpl.resolveFile2(FileResolverImpl.java:120)
	at io.vertx.core.file.impl.FileResolverImpl.resolve(FileResolverImpl.java:104)
	at io.vertx.core.file.impl.FileSystemImpl.resolveFile(FileSystemImpl.java:969)
	at io.vertx.core.file.impl.FileSystemImpl$16.perform(FileSystemImpl.java:878)
	at io.vertx.core.file.impl.FileSystemImpl$16.perform(FileSystemImpl.java:875)
	at io.vertx.core.file.impl.FileSystemImpl$BlockingAction.call(FileSystemImpl.java:989)
	at io.vertx.core.impl.ExecuteBlocking$1.execute(ExecuteBlocking.java:36)
	at io.vertx.core.impl.WorkerTask.run(WorkerTask.java:57)
	at java.base/java.util.concurrent.ThreadPoolExecutor.runWorker(ThreadPoolExecutor.java:1090)
	at java.base/java.util.concurrent.ThreadPoolExecutor$Worker.run(ThreadPoolExecutor.java:614)
	at io.netty.util.concurrent.FastThreadLocalRunnable.run(FastThreadLocalRunnable.java:30)
	at java.base/java.lang.Thread.run(Thread.java:1474)
2026-06-07 17:56:51,240 [vertx-blocked-thread-checker] WARN io.vertx.core.impl.BlockedThreadChecker - Thread vert.x-internal-blocking-14 has been blocked for 4093420 ms, time limit is 60000 ms
io.vertx.core.VertxException: Thread blocked
	at io.vertx.core.file.impl.FileResolverImpl.resolveFile2(FileResolverImpl.java:120)
	at io.vertx.core.file.impl.FileResolverImpl.resolve(FileResolverImpl.java:104)
	at io.vertx.core.file.impl.FileSystemImpl.resolveFile(FileSystemImpl.java:969)
	at io.vertx.core.file.impl.FileSystemImpl$16.perform(FileSystemImpl.java:878)
	at io.vertx.core.file.impl.FileSystemImpl$16.perform(FileSystemImpl.java:875)
	at io.vertx.core.file.impl.FileSystemImpl$BlockingAction.call(FileSystemImpl.java:989)
	at io.vertx.core.impl.ExecuteBlocking$1.execute(ExecuteBlocking.java:36)
	at io.vertx.core.impl.WorkerTask.run(WorkerTask.java:57)
	at java.base/java.util.concurrent.ThreadPoolExecutor.runWorker(ThreadPoolExecutor.java:1090)
	at java.base/java.util.concurrent.ThreadPoolExecutor$Worker.run(ThreadPoolExecutor.java:614)
	at io.netty.util.concurrent.FastThreadLocalRunnable.run(FastThreadLocalRunnable.java:30)
	at java.base/java.lang.Thread.run(Thread.java:1474)
2026-06-07 17:58:47,384 [vertx-blocked-thread-checker] WARN io.vertx.core.impl.BlockedThreadChecker - Thread vert.x-internal-blocking-11 has been blocked for 115960 ms, time limit is 60000 ms
io.vertx.core.VertxException: Thread blocked
	at io.vertx.core.file.impl.FileResolverImpl.resolveFile2(FileResolverImpl.java:120)
	at io.vertx.core.file.impl.FileResolverImpl.resolve(FileResolverImpl.java:104)
	at io.vertx.core.file.impl.FileSystemImpl.resolveFile(FileSystemImpl.java:969)
	at io.vertx.core.file.impl.FileSystemImpl$16.perform(FileSystemImpl.java:878)
	at io.vertx.core.file.impl.FileSystemImpl$16.perform(FileSystemImpl.java:875)
	at io.vertx.core.file.impl.FileSystemImpl$BlockingAction.call(FileSystemImpl.java:989)
	at io.vertx.core.impl.ExecuteBlocking$1.execute(ExecuteBlocking.java:36)
	at io.vertx.core.impl.WorkerTask.run(WorkerTask.java:57)
	at java.base/java.util.concurrent.ThreadPoolExecutor.runWorker(ThreadPoolExecutor.java:1090)
	at java.base/java.util.concurrent.ThreadPoolExecutor$Worker.run(ThreadPoolExecutor.java:614)
	at io.netty.util.concurrent.FastThreadLocalRunnable.run(FastThreadLocalRunnable.java:30)
	at java.base/java.lang.Thread.run(Thread.java:1474)
2026-06-07 17:58:47,669 [vertx-blocked-thread-checker] WARN io.vertx.core.impl.BlockedThreadChecker - Thread vert.x-internal-blocking-6 has been blocked for 115942 ms, time limit is 60000 ms
io.vertx.core.VertxException: Thread blocked
	at io.vertx.core.file.impl.FileResolverImpl.resolveFile2(FileResolverImpl.java:120)
	at io.vertx.core.file.impl.FileResolverImpl.resolve(FileResolverImpl.java:104)
	at io.vertx.core.file.impl.FileSystemImpl.resolveFile(FileSystemImpl.java:969)
	at io.vertx.core.file.impl.FileSystemImpl$16.perform(FileSystemImpl.java:878)
	at io.vertx.core.file.impl.FileSystemImpl$16.perform(FileSystemImpl.java:875)
	at io.vertx.core.file.impl.FileSystemImpl$BlockingAction.call(FileSystemImpl.java:989)
	at io.vertx.core.impl.ExecuteBlocking$1.execute(ExecuteBlocking.java:36)
	at io.vertx.core.impl.WorkerTask.run(WorkerTask.java:57)
	at java.base/java.util.concurrent.ThreadPoolExecutor.runWorker(ThreadPoolExecutor.java:1090)
	at java.base/java.util.concurrent.ThreadPoolExecutor$Worker.run(ThreadPoolExecutor.java:614)
	at io.netty.util.concurrent.FastThreadLocalRunnable.run(FastThreadLocalRunnable.java:30)
	at java.base/java.lang.Thread.run(Thread.java:1474)
2026-06-07 17:58:47,670 [vertx-blocked-thread-checker] WARN io.vertx.core.impl.BlockedThreadChecker - Thread vert.x-internal-blocking-12 has been blocked for 115956 ms, time limit is 60000 ms
io.vertx.core.VertxException: Thread blocked
	at io.vertx.core.file.impl.FileResolverImpl.resolveFile2(FileResolverImpl.java:120)
	at io.vertx.core.file.impl.FileResolverImpl.resolve(FileResolverImpl.java:104)
	at io.vertx.core.file.impl.FileSystemImpl.resolveFile(FileSystemImpl.java:969)
	at io.vertx.core.file.impl.FileSystemImpl$16.perform(FileSystemImpl.java:878)
	at io.vertx.core.file.impl.FileSystemImpl$16.perform(FileSystemImpl.java:875)
	at io.vertx.core.file.impl.FileSystemImpl$BlockingAction.call(FileSystemImpl.java:989)
	at io.vertx.core.impl.ExecuteBlocking$1.execute(ExecuteBlocking.java:36)
	at io.vertx.core.impl.WorkerTask.run(WorkerTask.java:57)
	at java.base/java.util.concurrent.ThreadPoolExecutor.runWorker(ThreadPoolExecutor.java:1090)
	at java.base/java.util.concurrent.ThreadPoolExecutor$Worker.run(ThreadPoolExecutor.java:614)
	at io.netty.util.concurrent.FastThreadLocalRunnable.run(FastThreadLocalRunnable.java:30)
	at java.base/java.lang.Thread.run(Thread.java:1474)
2026-06-07 17:58:47,763 [vertx-blocked-thread-checker] WARN io.vertx.core.impl.BlockedThreadChecker - Thread vert.x-internal-blocking-7 has been blocked for 115934 ms, time limit is 60000 ms
io.vertx.core.VertxException: Thread blocked
	at io.vertx.core.file.impl.FileResolverImpl.resolveFile2(FileResolverImpl.java:120)
	at io.vertx.core.file.impl.FileResolverImpl.resolve(FileResolverImpl.java:104)
	at io.vertx.core.file.impl.FileSystemImpl.resolveFile(FileSystemImpl.java:969)
	at io.vertx.core.file.impl.FileSystemImpl$16.perform(FileSystemImpl.java:878)
	at io.vertx.core.file.impl.FileSystemImpl$16.perform(FileSystemImpl.java:875)
	at io.vertx.core.file.impl.FileSystemImpl$BlockingAction.call(FileSystemImpl.java:989)
	at io.vertx.core.impl.ExecuteBlocking$1.execute(ExecuteBlocking.java:36)
	at io.vertx.core.impl.WorkerTask.run(WorkerTask.java:57)
	at java.base/java.util.concurrent.ThreadPoolExecutor.runWorker(ThreadPoolExecutor.java:1090)
	at java.base/java.util.concurrent.ThreadPoolExecutor$Worker.run(ThreadPoolExecutor.java:614)
	at io.netty.util.concurrent.FastThreadLocalRunnable.run(FastThreadLocalRunnable.java:30)
	at java.base/java.lang.Thread.run(Thread.java:1474)
2026-06-07 17:58:47,764 [vertx-blocked-thread-checker] WARN io.vertx.core.impl.BlockedThreadChecker - Thread vert.x-internal-blocking-2 has been blocked for 115968 ms, time limit is 60000 ms
io.vertx.core.VertxException: Thread blocked
	at io.vertx.core.file.impl.FileResolverImpl.resolveFile2(FileResolverImpl.java:120)
	at io.vertx.core.file.impl.FileResolverImpl.resolve(FileResolverImpl.java:104)
	at io.vertx.core.file.impl.FileSystemImpl.resolveFile(FileSystemImpl.java:969)
	at io.vertx.core.file.impl.FileSystemImpl$16.perform(FileSystemImpl.java:878)
	at io.vertx.core.file.impl.FileSystemImpl$16.perform(FileSystemImpl.java:875)
	at io.vertx.core.file.impl.FileSystemImpl$BlockingAction.call(FileSystemImpl.java:989)
	at io.vertx.core.impl.ExecuteBlocking$1.execute(ExecuteBlocking.java:36)
	at io.vertx.core.impl.WorkerTask.run(WorkerTask.java:57)
	at java.base/java.util.concurrent.ThreadPoolExecutor.runWorker(ThreadPoolExecutor.java:1090)
	at java.base/java.util.concurrent.ThreadPoolExecutor$Worker.run(ThreadPoolExecutor.java:614)
	at io.netty.util.concurrent.FastThreadLocalRunnable.run(FastThreadLocalRunnable.java:30)
	at java.base/java.lang.Thread.run(Thread.java:1474)
2026-06-07 17:58:47,807 [vertx-blocked-thread-checker] WARN io.vertx.core.impl.BlockedThreadChecker - Thread vert.x-internal-blocking-4 has been blocked for 115946 ms, time limit is 60000 ms
io.vertx.core.VertxException: Thread blocked
	at io.vertx.core.file.impl.FileResolverImpl.resolveFile2(FileResolverImpl.java:120)
	at io.vertx.core.file.impl.FileResolverImpl.resolve(FileResolverImpl.java:104)
	at io.vertx.core.file.impl.FileSystemImpl.resolveFile(FileSystemImpl.java:969)
	at io.vertx.core.file.impl.FileSystemImpl$16.perform(FileSystemImpl.java:878)
	at io.vertx.core.file.impl.FileSystemImpl$16.perform(FileSystemImpl.java:875)
	at io.vertx.core.file.impl.FileSystemImpl$BlockingAction.call(FileSystemImpl.java:989)
	at io.vertx.core.impl.ExecuteBlocking$1.execute(ExecuteBlocking.java:36)
	at io.vertx.core.impl.WorkerTask.run(WorkerTask.java:57)
	at java.base/java.util.concurrent.ThreadPoolExecutor.runWorker(ThreadPoolExecutor.java:1090)
	at java.base/java.util.concurrent.ThreadPoolExecutor$Worker.run(ThreadPoolExecutor.java:614)
	at io.netty.util.concurrent.FastThreadLocalRunnable.run(FastThreadLocalRunnable.java:30)
	at java.base/java.lang.Thread.run(Thread.java:1474)
2026-06-07 17:58:47,864 [vertx-blocked-thread-checker] WARN io.vertx.core.impl.BlockedThreadChecker - Thread vert.x-internal-blocking-18 has been blocked for 115956 ms, time limit is 60000 ms
io.vertx.core.VertxException: Thread blocked
	at io.vertx.core.file.impl.FileResolverImpl.resolveFile2(FileResolverImpl.java:120)
	at io.vertx.core.file.impl.FileResolverImpl.resolve(FileResolverImpl.java:104)
	at io.vertx.core.file.impl.FileSystemImpl.resolveFile(FileSystemImpl.java:969)
	at io.vertx.core.file.impl.FileSystemImpl$16.perform(FileSystemImpl.java:878)
	at io.vertx.core.file.impl.FileSystemImpl$16.perform(FileSystemImpl.java:875)
	at io.vertx.core.file.impl.FileSystemImpl$BlockingAction.call(FileSystemImpl.java:989)
	at io.vertx.core.impl.ExecuteBlocking$1.execute(ExecuteBlocking.java:36)
	at io.vertx.core.impl.WorkerTask.run(WorkerTask.java:57)
	at java.base/java.util.concurrent.ThreadPoolExecutor.runWorker(ThreadPoolExecutor.java:1090)
	at java.base/java.util.concurrent.ThreadPoolExecutor$Worker.run(ThreadPoolExecutor.java:614)
	at io.netty.util.concurrent.FastThreadLocalRunnable.run(FastThreadLocalRunnable.java:30)
	at java.base/java.lang.Thread.run(Thread.java:1474)
2026-06-07 17:58:47,936 [vertx-blocked-thread-checker] WARN io.vertx.core.impl.BlockedThreadChecker - Thread vert.x-internal-blocking-19 has been blocked for 115971 ms, time limit is 60000 ms
io.vertx.core.VertxException: Thread blocked
	at io.vertx.core.file.impl.FileResolverImpl.resolveFile2(FileResolverImpl.java:120)
	at io.vertx.core.file.impl.FileResolverImpl.resolve(FileResolverImpl.java:104)
	at io.vertx.core.file.impl.FileSystemImpl.resolveFile(FileSystemImpl.java:969)
	at io.vertx.core.file.impl.FileSystemImpl$16.perform(FileSystemImpl.java:878)
	at io.vertx.core.file.impl.FileSystemImpl$16.perform(FileSystemImpl.java:875)
	at io.vertx.core.file.impl.FileSystemImpl$BlockingAction.call(FileSystemImpl.java:989)
	at io.vertx.core.impl.ExecuteBlocking$1.execute(ExecuteBlocking.java:36)
	at io.vertx.core.impl.WorkerTask.run(WorkerTask.java:57)
	at java.base/java.util.concurrent.ThreadPoolExecutor.runWorker(ThreadPoolExecutor.java:1090)
	at java.base/java.util.concurrent.ThreadPoolExecutor$Worker.run(ThreadPoolExecutor.java:614)
	at io.netty.util.concurrent.FastThreadLocalRunnable.run(FastThreadLocalRunnable.java:30)
	at java.base/java.lang.Thread.run(Thread.java:1474)
2026-06-07 17:58:47,938 [vertx-blocked-thread-checker] WARN io.vertx.core.impl.BlockedThreadChecker - Thread vert.x-internal-blocking-16 has been blocked for 115969 ms, time limit is 60000 ms
io.vertx.core.VertxException: Thread blocked
	at io.vertx.core.file.impl.FileResolverImpl.resolveFile2(FileResolverImpl.java:120)
	at io.vertx.core.file.impl.FileResolverImpl.resolve(FileResolverImpl.java:104)
	at io.vertx.core.file.impl.FileSystemImpl.resolveFile(FileSystemImpl.java:969)
	at io.vertx.core.file.impl.FileSystemImpl$16.perform(FileSystemImpl.java:878)
	at io.vertx.core.file.impl.FileSystemImpl$16.perform(FileSystemImpl.java:875)
	at io.vertx.core.file.impl.FileSystemImpl$BlockingAction.call(FileSystemImpl.java:989)
	at io.vertx.core.impl.ExecuteBlocking$1.execute(ExecuteBlocking.java:36)
	at io.vertx.core.impl.WorkerTask.run(WorkerTask.java:57)
	at java.base/java.util.concurrent.ThreadPoolExecutor.runWorker(ThreadPoolExecutor.java:1090)
	at java.base/java.util.concurrent.ThreadPoolExecutor$Worker.run(ThreadPoolExecutor.java:614)
	at io.netty.util.concurrent.FastThreadLocalRunnable.run(FastThreadLocalRunnable.java:30)
	at java.base/java.lang.Thread.run(Thread.java:1474)
2026-06-07 17:58:47,974 [vertx-blocked-thread-checker] WARN io.vertx.core.impl.BlockedThreadChecker - Thread vert.x-internal-blocking-0 has been blocked for 115950 ms, time limit is 60000 ms
io.vertx.core.VertxException: Thread blocked
	at io.vertx.core.file.impl.FileResolverImpl.resolveFile2(FileResolverImpl.java:120)
	at io.vertx.core.file.impl.FileResolverImpl.resolve(FileResolverImpl.java:104)
	at io.vertx.core.file.impl.FileSystemImpl.resolveFile(FileSystemImpl.java:969)
	at io.vertx.core.file.impl.FileSystemImpl$16.perform(FileSystemImpl.java:878)
	at io.vertx.core.file.impl.FileSystemImpl$16.perform(FileSystemImpl.java:875)
	at io.vertx.core.file.impl.FileSystemImpl$BlockingAction.call(FileSystemImpl.java:989)
	at io.vertx.core.impl.ExecuteBlocking$1.execute(ExecuteBlocking.java:36)
	at io.vertx.core.impl.WorkerTask.run(WorkerTask.java:57)
	at java.base/java.util.concurrent.ThreadPoolExecutor.runWorker(ThreadPoolExecutor.java:1090)
	at java.base/java.util.concurrent.ThreadPoolExecutor$Worker.run(ThreadPoolExecutor.java:614)
	at io.netty.util.concurrent.FastThreadLocalRunnable.run(FastThreadLocalRunnable.java:30)
	at java.base/java.lang.Thread.run(Thread.java:1474)
2026-06-07 17:58:48,001 [vertx-blocked-thread-checker] WARN io.vertx.core.impl.BlockedThreadChecker - Thread vert.x-internal-blocking-1 has been blocked for 115964 ms, time limit is 60000 ms
io.vertx.core.VertxException: Thread blocked
	at io.vertx.core.file.impl.FileResolverImpl.resolveFile2(FileResolverImpl.java:120)
	at io.vertx.core.file.impl.FileResolverImpl.resolve(FileResolverImpl.java:104)
	at io.vertx.core.file.impl.FileSystemImpl.resolveFile(FileSystemImpl.java:969)
	at io.vertx.core.file.impl.FileSystemImpl$16.perform(FileSystemImpl.java:878)
	at io.vertx.core.file.impl.FileSystemImpl$16.perform(FileSystemImpl.java:875)
	at io.vertx.core.file.impl.FileSystemImpl$BlockingAction.call(FileSystemImpl.java:989)
	at io.vertx.core.impl.ExecuteBlocking$1.execute(ExecuteBlocking.java:36)
	at io.vertx.core.impl.WorkerTask.run(WorkerTask.java:57)
	at java.base/java.util.concurrent.ThreadPoolExecutor.runWorker(ThreadPoolExecutor.java:1090)
	at java.base/java.util.concurrent.ThreadPoolExecutor$Worker.run(ThreadPoolExecutor.java:614)
	at io.netty.util.concurrent.FastThreadLocalRunnable.run(FastThreadLocalRunnable.java:30)
	at java.base/java.lang.Thread.run(Thread.java:1474)
2026-06-07 17:58:48,027 [vertx-blocked-thread-checker] WARN io.vertx.core.impl.BlockedThreadChecker - Thread vert.x-internal-blocking-15 has been blocked for 115943 ms, time limit is 60000 ms
io.vertx.core.VertxException: Thread blocked
	at io.vertx.core.file.impl.FileResolverImpl.resolveFile2(FileResolverImpl.java:120)
	at io.vertx.core.file.impl.FileResolverImpl.resolve(FileResolverImpl.java:104)
	at io.vertx.core.file.impl.FileSystemImpl.resolveFile(FileSystemImpl.java:969)
	at io.vertx.core.file.impl.FileSystemImpl$16.perform(FileSystemImpl.java:878)
	at io.vertx.core.file.impl.FileSystemImpl$16.perform(FileSystemImpl.java:875)
	at io.vertx.core.file.impl.FileSystemImpl$BlockingAction.call(FileSystemImpl.java:989)
	at io.vertx.core.impl.ExecuteBlocking$1.execute(ExecuteBlocking.java:36)
	at io.vertx.core.impl.WorkerTask.run(WorkerTask.java:57)
	at java.base/java.util.concurrent.ThreadPoolExecutor.runWorker(ThreadPoolExecutor.java:1090)
	at java.base/java.util.concurrent.ThreadPoolExecutor$Worker.run(ThreadPoolExecutor.java:614)
	at io.netty.util.concurrent.FastThreadLocalRunnable.run(FastThreadLocalRunnable.java:30)
	at java.base/java.lang.Thread.run(Thread.java:1474)
2026-06-07 17:58:48,043 [vertx-blocked-thread-checker] WARN io.vertx.core.impl.BlockedThreadChecker - Thread vert.x-internal-blocking-10 has been blocked for 115940 ms, time limit is 60000 ms
io.vertx.core.VertxException: Thread blocked
	at io.vertx.core.file.impl.FileResolverImpl.resolveFile2(FileResolverImpl.java:120)
	at io.vertx.core.file.impl.FileResolverImpl.resolve(FileResolverImpl.java:104)
	at io.vertx.core.file.impl.FileSystemImpl.resolveFile(FileSystemImpl.java:969)
	at io.vertx.core.file.impl.FileSystemImpl$16.perform(FileSystemImpl.java:878)
	at io.vertx.core.file.impl.FileSystemImpl$16.perform(FileSystemImpl.java:875)
	at io.vertx.core.file.impl.FileSystemImpl$BlockingAction.call(FileSystemImpl.java:989)
	at io.vertx.core.impl.ExecuteBlocking$1.execute(ExecuteBlocking.java:36)
	at io.vertx.core.impl.WorkerTask.run(WorkerTask.java:57)
	at java.base/java.util.concurrent.ThreadPoolExecutor.runWorker(ThreadPoolExecutor.java:1090)
	at java.base/java.util.concurrent.ThreadPoolExecutor$Worker.run(ThreadPoolExecutor.java:614)
	at io.netty.util.concurrent.FastThreadLocalRunnable.run(FastThreadLocalRunnable.java:30)
	at java.base/java.lang.Thread.run(Thread.java:1474)
2026-06-07 17:58:48,058 [vertx-blocked-thread-checker] WARN io.vertx.core.impl.BlockedThreadChecker - Thread vert.x-internal-blocking-8 has been blocked for 115962 ms, time limit is 60000 ms
io.vertx.core.VertxException: Thread blocked
	at io.vertx.core.file.impl.FileResolverImpl.resolveFile2(FileResolverImpl.java:120)
	at io.vertx.core.file.impl.FileResolverImpl.resolve(FileResolverImpl.java:104)
	at io.vertx.core.file.impl.FileSystemImpl.resolveFile(FileSystemImpl.java:969)
	at io.vertx.core.file.impl.FileSystemImpl$16.perform(FileSystemImpl.java:878)
	at io.vertx.core.file.impl.FileSystemImpl$16.perform(FileSystemImpl.java:875)
	at io.vertx.core.file.impl.FileSystemImpl$BlockingAction.call(FileSystemImpl.java:989)
	at io.vertx.core.impl.ExecuteBlocking$1.execute(ExecuteBlocking.java:36)
	at io.vertx.core.impl.WorkerTask.run(WorkerTask.java:57)
	at java.base/java.util.concurrent.ThreadPoolExecutor.runWorker(ThreadPoolExecutor.java:1090)
	at java.base/java.util.concurrent.ThreadPoolExecutor$Worker.run(ThreadPoolExecutor.java:614)
	at io.netty.util.concurrent.FastThreadLocalRunnable.run(FastThreadLocalRunnable.java:30)
	at java.base/java.lang.Thread.run(Thread.java:1474)
2026-06-07 17:58:48,074 [vertx-blocked-thread-checker] WARN io.vertx.core.impl.BlockedThreadChecker - Thread vert.x-internal-blocking-9 has been blocked for 115948 ms, time limit is 60000 ms
io.vertx.core.VertxException: Thread blocked
	at java.base/java.io.WinNTFileSystem.canonicalize0(Native Method)
	at java.base/java.io.WinNTFileSystem.canonicalize(WinNTFileSystem.java:485)
	at java.base/java.io.File.getCanonicalPath(File.java:619)
	at java.base/java.io.File.getCanonicalFile(File.java:638)
	at io.vertx.core.file.impl.FileCache.getCanonicalFile(FileCache.java:179)
	at io.vertx.core.file.impl.FileResolverImpl.resolveFile2(FileResolverImpl.java:123)
	at io.vertx.core.file.impl.FileResolverImpl.resolve(FileResolverImpl.java:104)
	at io.vertx.core.file.impl.FileSystemImpl.resolveFile(FileSystemImpl.java:969)
	at io.vertx.core.file.impl.FileSystemImpl$16.perform(FileSystemImpl.java:878)
	at io.vertx.core.file.impl.FileSystemImpl$16.perform(FileSystemImpl.java:875)
	at io.vertx.core.file.impl.FileSystemImpl$BlockingAction.call(FileSystemImpl.java:989)
	at io.vertx.core.impl.ExecuteBlocking$1.execute(ExecuteBlocking.java:36)
	at io.vertx.core.impl.WorkerTask.run(WorkerTask.java:57)
	at java.base/java.util.concurrent.ThreadPoolExecutor.runWorker(ThreadPoolExecutor.java:1090)
	at java.base/java.util.concurrent.ThreadPoolExecutor$Worker.run(ThreadPoolExecutor.java:614)
	at io.netty.util.concurrent.FastThreadLocalRunnable.run(FastThreadLocalRunnable.java:30)
	at java.base/java.lang.Thread.run(Thread.java:1474)
2026-06-07 17:58:48,091 [vertx-blocked-thread-checker] WARN io.vertx.core.impl.BlockedThreadChecker - Thread vert.x-internal-blocking-5 has been blocked for 115939 ms, time limit is 60000 ms
io.vertx.core.VertxException: Thread blocked
	at io.vertx.core.file.impl.FileResolverImpl.resolveFile2(FileResolverImpl.java:120)
	at io.vertx.core.file.impl.FileResolverImpl.resolve(FileResolverImpl.java:104)
	at io.vertx.core.file.impl.FileSystemImpl.resolveFile(FileSystemImpl.java:969)
	at io.vertx.core.file.impl.FileSystemImpl$16.perform(FileSystemImpl.java:878)
	at io.vertx.core.file.impl.FileSystemImpl$16.perform(FileSystemImpl.java:875)
	at io.vertx.core.file.impl.FileSystemImpl$BlockingAction.call(FileSystemImpl.java:989)
	at io.vertx.core.impl.ExecuteBlocking$1.execute(ExecuteBlocking.java:36)
	at io.vertx.core.impl.WorkerTask.run(WorkerTask.java:57)
	at java.base/java.util.concurrent.ThreadPoolExecutor.runWorker(ThreadPoolExecutor.java:1090)
	at java.base/java.util.concurrent.ThreadPoolExecutor$Worker.run(ThreadPoolExecutor.java:614)
	at io.netty.util.concurrent.FastThreadLocalRunnable.run(FastThreadLocalRunnable.java:30)
	at java.base/java.lang.Thread.run(Thread.java:1474)
2026-06-07 17:58:48,094 [vertx-blocked-thread-checker] WARN io.vertx.core.impl.BlockedThreadChecker - Thread vert.x-internal-blocking-3 has been blocked for 115937 ms, time limit is 60000 ms
io.vertx.core.VertxException: Thread blocked
	at io.vertx.core.file.impl.FileResolverImpl.resolveFile2(FileResolverImpl.java:120)
	at io.vertx.core.file.impl.FileResolverImpl.resolve(FileResolverImpl.java:104)
	at io.vertx.core.file.impl.FileSystemImpl.resolveFile(FileSystemImpl.java:969)
	at io.vertx.core.file.impl.FileSystemImpl$16.perform(FileSystemImpl.java:878)
	at io.vertx.core.file.impl.FileSystemImpl$16.perform(FileSystemImpl.java:875)
	at io.vertx.core.file.impl.FileSystemImpl$BlockingAction.call(FileSystemImpl.java:989)
	at io.vertx.core.impl.ExecuteBlocking$1.execute(ExecuteBlocking.java:36)
	at io.vertx.core.impl.WorkerTask.run(WorkerTask.java:57)
	at java.base/java.util.concurrent.ThreadPoolExecutor.runWorker(ThreadPoolExecutor.java:1090)
	at java.base/java.util.concurrent.ThreadPoolExecutor$Worker.run(ThreadPoolExecutor.java:614)
	at io.netty.util.concurrent.FastThreadLocalRunnable.run(FastThreadLocalRunnable.java:30)
	at java.base/java.lang.Thread.run(Thread.java:1474)
2026-06-07 17:58:48,113 [vertx-blocked-thread-checker] WARN io.vertx.core.impl.BlockedThreadChecker - Thread vert.x-internal-blocking-14 has been blocked for 115966 ms, time limit is 60000 ms
io.vertx.core.VertxException: Thread blocked
	at io.vertx.core.file.impl.FileResolverImpl.resolveFile2(FileResolverImpl.java:120)
	at io.vertx.core.file.impl.FileResolverImpl.resolve(FileResolverImpl.java:104)
	at io.vertx.core.file.impl.FileSystemImpl.resolveFile(FileSystemImpl.java:969)
	at io.vertx.core.file.impl.FileSystemImpl$16.perform(FileSystemImpl.java:878)
	at io.vertx.core.file.impl.FileSystemImpl$16.perform(FileSystemImpl.java:875)
	at io.vertx.core.file.impl.FileSystemImpl$BlockingAction.call(FileSystemImpl.java:989)
	at io.vertx.core.impl.ExecuteBlocking$1.execute(ExecuteBlocking.java:36)
	at io.vertx.core.impl.WorkerTask.run(WorkerTask.java:57)
	at java.base/java.util.concurrent.ThreadPoolExecutor.runWorker(ThreadPoolExecutor.java:1090)
	at java.base/java.util.concurrent.ThreadPoolExecutor$Worker.run(ThreadPoolExecutor.java:614)
	at io.netty.util.concurrent.FastThreadLocalRunnable.run(FastThreadLocalRunnable.java:30)
	at java.base/java.lang.Thread.run(Thread.java:1474)
2026-06-07 19:40:06,197 [main] INFO com.javalord.vertx_stock_broker.broker.MainVerticle - Info...
2026-06-07 19:40:06,431 [main] WARN io.netty.resolver.dns.DefaultDnsServerAddressStreamProvider - Default DNS servers: [/[2001:4860:4860:0:0:0:0:8888]:53, /[2001:4860:4860:0:0:0:0:8844]:53] (Google Public DNS as a fallback)
2026-06-07 19:40:06,880 [vert.x-eventloop-thread-4] INFO com.javalord.vertx_stock_broker.broker.RestApiVerticle - Retrieved configuration: BrokerConfig(serverPort=12000, version=1.0, dbConfig=DbConfig(host=localhost, port=5432, database=vertx_stock_broker, user=postgres, password=chris))
2026-06-07 19:40:06,880 [vert.x-eventloop-thread-2] INFO com.javalord.vertx_stock_broker.broker.RestApiVerticle - Retrieved configuration: BrokerConfig(serverPort=12000, version=1.0, dbConfig=DbConfig(host=localhost, port=5432, database=vertx_stock_broker, user=postgres, password=chris))
2026-06-07 19:40:06,880 [vert.x-eventloop-thread-3] INFO com.javalord.vertx_stock_broker.broker.RestApiVerticle - Retrieved configuration: BrokerConfig(serverPort=12000, version=1.0, dbConfig=DbConfig(host=localhost, port=5432, database=vertx_stock_broker, user=postgres, password=chris))
2026-06-07 19:40:06,880 [vert.x-eventloop-thread-1] INFO com.javalord.vertx_stock_broker.broker.RestApiVerticle - Retrieved configuration: BrokerConfig(serverPort=12000, version=1.0, dbConfig=DbConfig(host=localhost, port=5432, database=vertx_stock_broker, user=postgres, password=chris))
2026-06-07 19:40:07,124 [vert.x-eventloop-thread-0] INFO com.javalord.vertx_stock_broker.broker.MainVerticle - Deployed RestApiVerticle with id 2
2026-06-07 19:40:07,127 [vert.x-eventloop-thread-4] INFO com.javalord.vertx_stock_broker.broker.RestApiVerticle - HTTP server started on port 12000
2026-06-07 19:40:07,128 [vert.x-eventloop-thread-3] INFO com.javalord.vertx_stock_broker.broker.RestApiVerticle - HTTP server started on port 12000
2026-06-07 19:40:07,128 [vert.x-eventloop-thread-1] INFO com.javalord.vertx_stock_broker.broker.RestApiVerticle - HTTP server started on port 12000
2026-06-07 19:40:07,129 [vert.x-eventloop-thread-2] INFO com.javalord.vertx_stock_broker.broker.RestApiVerticle - HTTP server started on port 12000
2026-06-07 19:40:07,134 [vert.x-eventloop-thread-5] ERROR io.vertx.core.impl.ContextImpl - Unhandled exception
java.lang.NullPointerException: Cannot invoke "io.vertx.core.impl.future.FutureBase.addListener(io.vertx.core.Completable)" because "future" is null
	at io.vertx.core.impl.future.Composition.complete(Composition.java:48)
	at io.vertx.core.impl.future.FutureImpl$ListenerArray.complete(FutureImpl.java:188)
	at io.vertx.core.impl.future.FutureBase.emitResult(FutureBase.java:94)
	at io.vertx.core.impl.future.FutureBase.emitResult(FutureBase.java:85)
	at io.vertx.core.impl.future.FutureImpl.completeInternal(FutureImpl.java:137)
	at io.vertx.core.impl.future.Mapping.complete(Mapping.java:45)
	at io.vertx.core.impl.future.FutureBase$EmitResultTask.run(FutureBase.java:125)
	at io.netty.util.concurrent.AbstractEventExecutor.runTask(AbstractEventExecutor.java:148)
	at io.netty.util.concurrent.AbstractEventExecutor.safeExecute(AbstractEventExecutor.java:141)
	at io.netty.util.concurrent.SingleThreadEventExecutor.runAllTasks(SingleThreadEventExecutor.java:535)
	at io.netty.channel.SingleThreadIoEventLoop.run(SingleThreadIoEventLoop.java:201)
	at io.netty.util.concurrent.SingleThreadEventExecutor$5.run(SingleThreadEventExecutor.java:1195)
	at io.netty.util.internal.ThreadExecutorMap$2.run(ThreadExecutorMap.java:74)
	at io.netty.util.concurrent.FastThreadLocalRunnable.run(FastThreadLocalRunnable.java:30)
	at java.base/java.lang.Thread.run(Thread.java:1474)
2026-06-07 19:40:07,145 [vert.x-worker-thread-5] INFO com.javalord.vertx_stock_broker.broker.db.migration.FlywayMigration - Migrating DB schema using jdbc url: jdbc:postgresql://localhost:5432/vertx_stock_broker
2026-06-07 19:40:07,822 [vert.x-worker-thread-5] INFO org.flywaydb.core.FlywayExecutor - Database: jdbc:postgresql://localhost:5432/vertx_stock_broker (PostgreSQL 18.1)
2026-06-07 19:40:07,952 [vert.x-worker-thread-5] INFO com.javalord.vertx_stock_broker.broker.db.migration.FlywayMigration - DB schema is at version: 0.2
2026-06-07 19:40:08,099 [vert.x-worker-thread-5] INFO com.javalord.vertx_stock_broker.broker.db.migration.FlywayMigration - Pending migrations are: []
2026-06-07 19:40:08,179 [vert.x-worker-thread-5] INFO org.flywaydb.core.internal.command.DbValidate - Successfully validated 3 migrations (execution time 00:00.009s)
2026-06-07 19:40:08,242 [vert.x-worker-thread-5] INFO org.flywaydb.core.internal.command.DbMigrate - Current version of schema "broker": 0.2
2026-06-07 19:40:08,247 [vert.x-worker-thread-5] INFO org.flywaydb.core.internal.command.DbMigrate - Schema "broker" is up to date. No migration necessary.
2026-06-07 19:40:08,252 [vert.x-eventloop-thread-5] INFO com.javalord.vertx_stock_broker.broker.db.migration.FlywayMigration - Database migration completed successfully
2026-06-07 19:41:14,014 [vert.x-eventloop-thread-1] INFO com.javalord.vertx_stock_broker.broker.watchlist.PutWatchListDatabaseHandler - /pg/account/watchlist/6a207b88-9b68-83ea-9829-cd7f36639c95 for account 6a207b88-9b68-83ea-9829-cd7f36639c95
2026-06-07 19:41:14,269 [vert.x-eventloop-thread-1] INFO com.javalord.vertx_stock_broker.broker.watchlist.PutWatchListDatabaseHandler - Failed to insert into watchlist
2026-06-07 19:41:14,269 [vert.x-eventloop-thread-1] INFO com.javalord.vertx_stock_broker.broker.watchlist.PutWatchListDatabaseHandler - Failed to insert into watchlist
2026-06-07 19:41:14,309 [vert.x-eventloop-thread-1] INFO com.javalord.vertx_stock_broker.broker.watchlist.PutWatchListDatabaseHandler - Failed to insert into watchlist
2026-06-07 19:41:14,317 [vert.x-eventloop-thread-1] INFO com.javalord.vertx_stock_broker.broker.watchlist.PutWatchListDatabaseHandler - Failed to insert into watchlist
2026-06-07 19:42:44,567 [main] INFO com.javalord.vertx_stock_broker.broker.MainVerticle - Info...
2026-06-07 19:42:44,797 [main] WARN io.netty.resolver.dns.DefaultDnsServerAddressStreamProvider - Default DNS servers: [/[2001:4860:4860:0:0:0:0:8888]:53, /[2001:4860:4860:0:0:0:0:8844]:53] (Google Public DNS as a fallback)
2026-06-07 19:42:45,210 [vert.x-eventloop-thread-1] INFO com.javalord.vertx_stock_broker.broker.RestApiVerticle - Retrieved configuration: BrokerConfig(serverPort=12000, version=1.0, dbConfig=DbConfig(host=localhost, port=5432, database=vertx_stock_broker, user=postgres, password=chris))
2026-06-07 19:42:45,210 [vert.x-eventloop-thread-4] INFO com.javalord.vertx_stock_broker.broker.RestApiVerticle - Retrieved configuration: BrokerConfig(serverPort=12000, version=1.0, dbConfig=DbConfig(host=localhost, port=5432, database=vertx_stock_broker, user=postgres, password=chris))
2026-06-07 19:42:45,210 [vert.x-eventloop-thread-2] INFO com.javalord.vertx_stock_broker.broker.RestApiVerticle - Retrieved configuration: BrokerConfig(serverPort=12000, version=1.0, dbConfig=DbConfig(host=localhost, port=5432, database=vertx_stock_broker, user=postgres, password=chris))
2026-06-07 19:42:45,210 [vert.x-eventloop-thread-3] INFO com.javalord.vertx_stock_broker.broker.RestApiVerticle - Retrieved configuration: BrokerConfig(serverPort=12000, version=1.0, dbConfig=DbConfig(host=localhost, port=5432, database=vertx_stock_broker, user=postgres, password=chris))
2026-06-07 19:42:45,369 [vert.x-eventloop-thread-4] INFO com.javalord.vertx_stock_broker.broker.RestApiVerticle - HTTP server started on port 12000
2026-06-07 19:42:45,368 [vert.x-eventloop-thread-0] INFO com.javalord.vertx_stock_broker.broker.MainVerticle - Deployed RestApiVerticle with id 2
2026-06-07 19:42:45,369 [vert.x-eventloop-thread-3] INFO com.javalord.vertx_stock_broker.broker.RestApiVerticle - HTTP server started on port 12000
2026-06-07 19:42:45,369 [vert.x-eventloop-thread-2] INFO com.javalord.vertx_stock_broker.broker.RestApiVerticle - HTTP server started on port 12000
2026-06-07 19:42:45,369 [vert.x-eventloop-thread-1] INFO com.javalord.vertx_stock_broker.broker.RestApiVerticle - HTTP server started on port 12000
2026-06-07 19:42:45,376 [vert.x-eventloop-thread-5] ERROR io.vertx.core.impl.ContextImpl - Unhandled exception
java.lang.NullPointerException: Cannot invoke "io.vertx.core.impl.future.FutureBase.addListener(io.vertx.core.Completable)" because "future" is null
	at io.vertx.core.impl.future.Composition.complete(Composition.java:48)
	at io.vertx.core.impl.future.FutureImpl$ListenerArray.complete(FutureImpl.java:188)
	at io.vertx.core.impl.future.FutureBase.emitResult(FutureBase.java:94)
	at io.vertx.core.impl.future.FutureBase.emitResult(FutureBase.java:85)
	at io.vertx.core.impl.future.FutureImpl.completeInternal(FutureImpl.java:137)
	at io.vertx.core.impl.future.Mapping.complete(Mapping.java:45)
	at io.vertx.core.impl.future.FutureBase$EmitResultTask.run(FutureBase.java:125)
	at io.netty.util.concurrent.AbstractEventExecutor.runTask(AbstractEventExecutor.java:148)
	at io.netty.util.concurrent.AbstractEventExecutor.safeExecute(AbstractEventExecutor.java:141)
	at io.netty.util.concurrent.SingleThreadEventExecutor.runAllTasks(SingleThreadEventExecutor.java:535)
	at io.netty.channel.SingleThreadIoEventLoop.run(SingleThreadIoEventLoop.java:201)
	at io.netty.util.concurrent.SingleThreadEventExecutor$5.run(SingleThreadEventExecutor.java:1195)
	at io.netty.util.internal.ThreadExecutorMap$2.run(ThreadExecutorMap.java:74)
	at io.netty.util.concurrent.FastThreadLocalRunnable.run(FastThreadLocalRunnable.java:30)
	at java.base/java.lang.Thread.run(Thread.java:1474)
2026-06-07 19:42:45,383 [vert.x-worker-thread-5] INFO com.javalord.vertx_stock_broker.broker.db.migration.FlywayMigration - Migrating DB schema using jdbc url: jdbc:postgresql://localhost:5432/vertx_stock_broker
2026-06-07 19:42:45,891 [vert.x-worker-thread-5] INFO org.flywaydb.core.FlywayExecutor - Database: jdbc:postgresql://localhost:5432/vertx_stock_broker (PostgreSQL 18.1)
2026-06-07 19:42:46,018 [vert.x-worker-thread-5] INFO com.javalord.vertx_stock_broker.broker.db.migration.FlywayMigration - DB schema is at version: 0.2
2026-06-07 19:42:46,154 [vert.x-worker-thread-5] INFO com.javalord.vertx_stock_broker.broker.db.migration.FlywayMigration - Pending migrations are: []
2026-06-07 19:42:46,226 [vert.x-worker-thread-5] INFO org.flywaydb.core.internal.command.DbValidate - Successfully validated 3 migrations (execution time 00:00.009s)
2026-06-07 19:42:46,297 [vert.x-worker-thread-5] INFO org.flywaydb.core.internal.command.DbMigrate - Current version of schema "broker": 0.2
2026-06-07 19:42:46,304 [vert.x-worker-thread-5] INFO org.flywaydb.core.internal.command.DbMigrate - Schema "broker" is up to date. No migration necessary.
2026-06-07 19:42:46,311 [vert.x-eventloop-thread-5] INFO com.javalord.vertx_stock_broker.broker.db.migration.FlywayMigration - Database migration completed successfully
2026-06-07 19:42:53,191 [vert.x-eventloop-thread-2] INFO com.javalord.vertx_stock_broker.broker.watchlist.PutWatchListDatabaseHandler - /pg/account/watchlist/6a207b88-9b68-83ea-9829-cd7f36639c95 for account 6a207b88-9b68-83ea-9829-cd7f36639c95
2026-06-07 19:42:53,433 [vert.x-eventloop-thread-2] INFO com.javalord.vertx_stock_broker.broker.watchlist.PutWatchListDatabaseHandler - Failed to insert into watchlist: ERROR: insert or update on table "watchlist" violates foreign key constraint "watchlist_asset_fkey" (23503)
2026-06-07 19:42:53,433 [vert.x-eventloop-thread-2] INFO com.javalord.vertx_stock_broker.broker.watchlist.PutWatchListDatabaseHandler - Failed to insert into watchlist: ERROR: insert or update on table "watchlist" violates foreign key constraint "watchlist_asset_fkey" (23503)
2026-06-07 19:42:53,438 [vert.x-eventloop-thread-2] INFO com.javalord.vertx_stock_broker.broker.watchlist.PutWatchListDatabaseHandler - Failed to insert into watchlist: ERROR: insert or update on table "watchlist" violates foreign key constraint "watchlist_asset_fkey" (23503)
2026-06-07 19:42:53,478 [vert.x-eventloop-thread-2] INFO com.javalord.vertx_stock_broker.broker.watchlist.PutWatchListDatabaseHandler - Failed to insert into watchlist: ERROR: insert or update on table "watchlist" violates foreign key constraint "watchlist_asset_fkey" (23503)
2026-06-07 19:44:47,125 [main] INFO com.javalord.vertx_stock_broker.broker.MainVerticle - Info...
2026-06-07 19:44:47,345 [main] WARN io.netty.resolver.dns.DefaultDnsServerAddressStreamProvider - Default DNS servers: [/[2001:4860:4860:0:0:0:0:8888]:53, /[2001:4860:4860:0:0:0:0:8844]:53] (Google Public DNS as a fallback)
2026-06-07 19:44:47,745 [vert.x-eventloop-thread-3] INFO com.javalord.vertx_stock_broker.broker.RestApiVerticle - Retrieved configuration: BrokerConfig(serverPort=12000, version=1.0, dbConfig=DbConfig(host=localhost, port=5432, database=vertx_stock_broker, user=postgres, password=chris))
2026-06-07 19:44:47,745 [vert.x-eventloop-thread-1] INFO com.javalord.vertx_stock_broker.broker.RestApiVerticle - Retrieved configuration: BrokerConfig(serverPort=12000, version=1.0, dbConfig=DbConfig(host=localhost, port=5432, database=vertx_stock_broker, user=postgres, password=chris))
2026-06-07 19:44:47,745 [vert.x-eventloop-thread-2] INFO com.javalord.vertx_stock_broker.broker.RestApiVerticle - Retrieved configuration: BrokerConfig(serverPort=12000, version=1.0, dbConfig=DbConfig(host=localhost, port=5432, database=vertx_stock_broker, user=postgres, password=chris))
2026-06-07 19:44:47,745 [vert.x-eventloop-thread-4] INFO com.javalord.vertx_stock_broker.broker.RestApiVerticle - Retrieved configuration: BrokerConfig(serverPort=12000, version=1.0, dbConfig=DbConfig(host=localhost, port=5432, database=vertx_stock_broker, user=postgres, password=chris))
2026-06-07 19:44:47,888 [vert.x-eventloop-thread-0] INFO com.javalord.vertx_stock_broker.broker.MainVerticle - Deployed RestApiVerticle with id 2
2026-06-07 19:44:47,889 [vert.x-eventloop-thread-1] INFO com.javalord.vertx_stock_broker.broker.RestApiVerticle - HTTP server started on port 12000
2026-06-07 19:44:47,889 [vert.x-eventloop-thread-2] INFO com.javalord.vertx_stock_broker.broker.RestApiVerticle - HTTP server started on port 12000
2026-06-07 19:44:47,889 [vert.x-eventloop-thread-3] INFO com.javalord.vertx_stock_broker.broker.RestApiVerticle - HTTP server started on port 12000
2026-06-07 19:44:47,889 [vert.x-eventloop-thread-4] INFO com.javalord.vertx_stock_broker.broker.RestApiVerticle - HTTP server started on port 12000
2026-06-07 19:44:47,894 [vert.x-eventloop-thread-5] ERROR io.vertx.core.impl.ContextImpl - Unhandled exception
java.lang.NullPointerException: Cannot invoke "io.vertx.core.impl.future.FutureBase.addListener(io.vertx.core.Completable)" because "future" is null
	at io.vertx.core.impl.future.Composition.complete(Composition.java:48)
	at io.vertx.core.impl.future.FutureImpl$ListenerArray.complete(FutureImpl.java:188)
	at io.vertx.core.impl.future.FutureBase.emitResult(FutureBase.java:94)
	at io.vertx.core.impl.future.FutureBase.emitResult(FutureBase.java:85)
	at io.vertx.core.impl.future.FutureImpl.completeInternal(FutureImpl.java:137)
	at io.vertx.core.impl.future.Mapping.complete(Mapping.java:45)
	at io.vertx.core.impl.future.FutureBase$EmitResultTask.run(FutureBase.java:125)
	at io.netty.util.concurrent.AbstractEventExecutor.runTask(AbstractEventExecutor.java:148)
	at io.netty.util.concurrent.AbstractEventExecutor.safeExecute(AbstractEventExecutor.java:141)
	at io.netty.util.concurrent.SingleThreadEventExecutor.runAllTasks(SingleThreadEventExecutor.java:535)
	at io.netty.channel.SingleThreadIoEventLoop.run(SingleThreadIoEventLoop.java:201)
	at io.netty.util.concurrent.SingleThreadEventExecutor$5.run(SingleThreadEventExecutor.java:1195)
	at io.netty.util.internal.ThreadExecutorMap$2.run(ThreadExecutorMap.java:74)
	at io.netty.util.concurrent.FastThreadLocalRunnable.run(FastThreadLocalRunnable.java:30)
	at java.base/java.lang.Thread.run(Thread.java:1474)
2026-06-07 19:44:47,901 [vert.x-worker-thread-5] INFO com.javalord.vertx_stock_broker.broker.db.migration.FlywayMigration - Migrating DB schema using jdbc url: jdbc:postgresql://localhost:5432/vertx_stock_broker
2026-06-07 19:44:48,375 [vert.x-worker-thread-5] INFO org.flywaydb.core.FlywayExecutor - Database: jdbc:postgresql://localhost:5432/vertx_stock_broker (PostgreSQL 18.1)
2026-06-07 19:44:48,504 [vert.x-worker-thread-5] INFO com.javalord.vertx_stock_broker.broker.db.migration.FlywayMigration - DB schema is at version: 0.2
2026-06-07 19:44:48,778 [vert.x-worker-thread-5] INFO com.javalord.vertx_stock_broker.broker.db.migration.FlywayMigration - Pending migrations are: []
2026-06-07 19:44:48,853 [vert.x-worker-thread-5] INFO org.flywaydb.core.internal.command.DbValidate - Successfully validated 3 migrations (execution time 00:00.008s)
2026-06-07 19:44:48,913 [vert.x-worker-thread-5] INFO org.flywaydb.core.internal.command.DbMigrate - Current version of schema "broker": 0.2
2026-06-07 19:44:48,916 [vert.x-worker-thread-5] INFO org.flywaydb.core.internal.command.DbMigrate - Schema "broker" is up to date. No migration necessary.
2026-06-07 19:44:48,921 [vert.x-eventloop-thread-5] INFO com.javalord.vertx_stock_broker.broker.db.migration.FlywayMigration - Database migration completed successfully
2026-06-07 19:44:52,732 [vert.x-eventloop-thread-2] INFO com.javalord.vertx_stock_broker.broker.watchlist.PutWatchListDatabaseHandler - /pg/account/watchlist/6a207b88-9b68-83ea-9829-cd7f36639c95 for account 6a207b88-9b68-83ea-9829-cd7f36639c95
2026-06-07 19:44:52,997 [vert.x-eventloop-thread-2] INFO com.javalord.vertx_stock_broker.broker.watchlist.PutWatchListDatabaseHandler - Failed to insert into watchlist: ERROR: insert or update on table "watchlist" violates foreign key constraint "watchlist_asset_fkey" (23503)
2026-06-07 19:44:52,997 [vert.x-eventloop-thread-2] INFO com.javalord.vertx_stock_broker.broker.watchlist.PutWatchListDatabaseHandler - Failed to insert into watchlist: ERROR: insert or update on table "watchlist" violates foreign key constraint "watchlist_asset_fkey" (23503)
2026-06-07 19:44:52,997 [vert.x-eventloop-thread-2] INFO com.javalord.vertx_stock_broker.broker.watchlist.PutWatchListDatabaseHandler - Failed to insert into watchlist: ERROR: insert or update on table "watchlist" violates foreign key constraint "watchlist_asset_fkey" (23503)
2026-06-07 19:44:53,021 [vert.x-eventloop-thread-2] INFO com.javalord.vertx_stock_broker.broker.watchlist.PutWatchListDatabaseHandler - Failed to insert into watchlist: ERROR: insert or update on table "watchlist" violates foreign key constraint "watchlist_asset_fkey" (23503)
2026-06-07 19:45:43,067 [main] INFO com.javalord.vertx_stock_broker.broker.MainVerticle - Info...
2026-06-07 19:45:43,403 [main] WARN io.netty.resolver.dns.DefaultDnsServerAddressStreamProvider - Default DNS servers: [/[2001:4860:4860:0:0:0:0:8888]:53, /[2001:4860:4860:0:0:0:0:8844]:53] (Google Public DNS as a fallback)
2026-06-07 19:45:43,859 [vert.x-eventloop-thread-4] INFO com.javalord.vertx_stock_broker.broker.RestApiVerticle - Retrieved configuration: BrokerConfig(serverPort=12000, version=1.0, dbConfig=DbConfig(host=localhost, port=5432, database=vertx_stock_broker, user=postgres, password=chris))
2026-06-07 19:45:43,859 [vert.x-eventloop-thread-3] INFO com.javalord.vertx_stock_broker.broker.RestApiVerticle - Retrieved configuration: BrokerConfig(serverPort=12000, version=1.0, dbConfig=DbConfig(host=localhost, port=5432, database=vertx_stock_broker, user=postgres, password=chris))
2026-06-07 19:45:43,859 [vert.x-eventloop-thread-2] INFO com.javalord.vertx_stock_broker.broker.RestApiVerticle - Retrieved configuration: BrokerConfig(serverPort=12000, version=1.0, dbConfig=DbConfig(host=localhost, port=5432, database=vertx_stock_broker, user=postgres, password=chris))
2026-06-07 19:45:43,859 [vert.x-eventloop-thread-1] INFO com.javalord.vertx_stock_broker.broker.RestApiVerticle - Retrieved configuration: BrokerConfig(serverPort=12000, version=1.0, dbConfig=DbConfig(host=localhost, port=5432, database=vertx_stock_broker, user=postgres, password=chris))
2026-06-07 19:45:44,019 [vert.x-eventloop-thread-0] INFO com.javalord.vertx_stock_broker.broker.MainVerticle - Deployed RestApiVerticle with id 2
2026-06-07 19:45:44,020 [vert.x-eventloop-thread-4] INFO com.javalord.vertx_stock_broker.broker.RestApiVerticle - HTTP server started on port 12000
2026-06-07 19:45:44,021 [vert.x-eventloop-thread-1] INFO com.javalord.vertx_stock_broker.broker.RestApiVerticle - HTTP server started on port 12000
2026-06-07 19:45:44,021 [vert.x-eventloop-thread-2] INFO com.javalord.vertx_stock_broker.broker.RestApiVerticle - HTTP server started on port 12000
2026-06-07 19:45:44,021 [vert.x-eventloop-thread-3] INFO com.javalord.vertx_stock_broker.broker.RestApiVerticle - HTTP server started on port 12000
2026-06-07 19:45:44,027 [vert.x-eventloop-thread-5] ERROR io.vertx.core.impl.ContextImpl - Unhandled exception
java.lang.NullPointerException: Cannot invoke "io.vertx.core.impl.future.FutureBase.addListener(io.vertx.core.Completable)" because "future" is null
	at io.vertx.core.impl.future.Composition.complete(Composition.java:48)
	at io.vertx.core.impl.future.FutureImpl$ListenerArray.complete(FutureImpl.java:188)
	at io.vertx.core.impl.future.FutureBase.emitResult(FutureBase.java:94)
	at io.vertx.core.impl.future.FutureBase.emitResult(FutureBase.java:85)
	at io.vertx.core.impl.future.FutureImpl.completeInternal(FutureImpl.java:137)
	at io.vertx.core.impl.future.Mapping.complete(Mapping.java:45)
	at io.vertx.core.impl.future.FutureBase$EmitResultTask.run(FutureBase.java:125)
	at io.netty.util.concurrent.AbstractEventExecutor.runTask(AbstractEventExecutor.java:148)
	at io.netty.util.concurrent.AbstractEventExecutor.safeExecute(AbstractEventExecutor.java:141)
	at io.netty.util.concurrent.SingleThreadEventExecutor.runAllTasks(SingleThreadEventExecutor.java:535)
	at io.netty.channel.SingleThreadIoEventLoop.run(SingleThreadIoEventLoop.java:201)
	at io.netty.util.concurrent.SingleThreadEventExecutor$5.run(SingleThreadEventExecutor.java:1195)
	at io.netty.util.internal.ThreadExecutorMap$2.run(ThreadExecutorMap.java:74)
	at io.netty.util.concurrent.FastThreadLocalRunnable.run(FastThreadLocalRunnable.java:30)
	at java.base/java.lang.Thread.run(Thread.java:1474)
2026-06-07 19:45:44,034 [vert.x-worker-thread-5] INFO com.javalord.vertx_stock_broker.broker.db.migration.FlywayMigration - Migrating DB schema using jdbc url: jdbc:postgresql://localhost:5432/vertx_stock_broker
2026-06-07 19:45:44,555 [vert.x-worker-thread-5] INFO org.flywaydb.core.FlywayExecutor - Database: jdbc:postgresql://localhost:5432/vertx_stock_broker (PostgreSQL 18.1)
2026-06-07 19:45:44,695 [vert.x-worker-thread-5] INFO com.javalord.vertx_stock_broker.broker.db.migration.FlywayMigration - DB schema is at version: 0.2
2026-06-07 19:45:44,841 [vert.x-worker-thread-5] INFO com.javalord.vertx_stock_broker.broker.db.migration.FlywayMigration - Pending migrations are: []
2026-06-07 19:45:44,927 [vert.x-worker-thread-5] INFO org.flywaydb.core.internal.command.DbValidate - Successfully validated 3 migrations (execution time 00:00.011s)
2026-06-07 19:45:45,032 [vert.x-worker-thread-5] INFO org.flywaydb.core.internal.command.DbMigrate - Current version of schema "broker": 0.2
2026-06-07 19:45:45,039 [vert.x-worker-thread-5] INFO org.flywaydb.core.internal.command.DbMigrate - Schema "broker" is up to date. No migration necessary.
2026-06-07 19:45:45,044 [vert.x-eventloop-thread-5] INFO com.javalord.vertx_stock_broker.broker.db.migration.FlywayMigration - Database migration completed successfully
2026-06-07 19:45:49,603 [vert.x-eventloop-thread-1] INFO com.javalord.vertx_stock_broker.broker.watchlist.PutWatchListDatabaseHandler - /pg/account/watchlist/6a207b88-9b68-83ea-9829-cd7f36639c95 for account 6a207b88-9b68-83ea-9829-cd7f36639c95
2026-06-07 19:45:49,865 [vert.x-eventloop-thread-1] INFO com.javalord.vertx_stock_broker.broker.watchlist.PutWatchListDatabaseHandler - Failed to insert into watchlist: ERROR: insert or update on table "watchlist" violates foreign key constraint "watchlist_asset_fkey" (23503)
2026-06-07 19:45:49,872 [vert.x-eventloop-thread-1] INFO com.javalord.vertx_stock_broker.broker.watchlist.PutWatchListDatabaseHandler - Failed to insert into watchlist: ERROR: insert or update on table "watchlist" violates foreign key constraint "watchlist_asset_fkey" (23503)
2026-06-07 19:45:49,873 [vert.x-eventloop-thread-1] ERROR io.vertx.core.impl.ContextImpl - Unhandled exception
java.lang.IllegalStateException: Response head already sent
	at io.vertx.core.http.impl.http1.Http1ServerResponse.checkHeadWritten(Http1ServerResponse.java:673)
	at io.vertx.core.http.impl.http1.Http1ServerResponse.setStatusCode(Http1ServerResponse.java:139)
	at com.javalord.vertx_stock_broker.broker.watchlist.PutWatchListDatabaseHandler.lambda$handle$1(PutWatchListDatabaseHandler.java:40)
	at io.vertx.core.Future.lambda$onComplete$1(Future.java:314)
	at io.vertx.core.impl.future.FutureImpl$ListenerArray.complete(FutureImpl.java:188)
	at io.vertx.core.impl.future.FutureBase.emitResult(FutureBase.java:94)
	at io.vertx.core.impl.future.FutureBase.emitResult(FutureBase.java:85)
	at io.vertx.core.impl.future.FutureImpl.completeInternal(FutureImpl.java:137)
	at io.vertx.core.impl.future.FutureImpl.tryFail(FutureImpl.java:150)
	at io.vertx.sqlclient.impl.QueryResultBuilder.complete(QueryResultBuilder.java:92)
	at io.vertx.sqlclient.impl.QueryResultBuilder.complete(QueryResultBuilder.java:33)
	at io.vertx.core.Completable.fail(Completable.java:50)
	at io.vertx.sqlclient.impl.pool.SqlConnectionPool.lambda$execute$11(SqlConnectionPool.java:256)
	at io.vertx.core.Future.lambda$onComplete$0(Future.java:296)
	at io.vertx.core.impl.future.FutureBase.emitResult(FutureBase.java:94)
	at io.vertx.core.impl.future.FutureBase.emitResult(FutureBase.java:85)
	at io.vertx.core.impl.future.FutureImpl.completeInternal(FutureImpl.java:137)
	at io.vertx.core.impl.future.FutureBase.emitResult(FutureBase.java:94)
	at io.vertx.core.impl.future.FutureBase.emitResult(FutureBase.java:85)
	at io.vertx.core.impl.future.FutureImpl.completeInternal(FutureImpl.java:137)
	at io.vertx.core.impl.future.FutureBase.signalComplete(FutureBase.java:104)
	at io.vertx.core.impl.future.FutureBase.emitResult(FutureBase.java:87)
	at io.vertx.core.impl.future.FailedFuture.addListener(FailedFuture.java:86)
	at io.vertx.core.impl.future.Transformation.complete(Transformation.java:44)
	at io.vertx.core.impl.future.FutureBase$EmitResultTask.run(FutureBase.java:125)
	at io.vertx.core.impl.ContextBase.execute(ContextBase.java:96)
	at io.vertx.core.impl.future.FutureBase.emitResult(FutureBase.java:83)
	at io.vertx.core.impl.future.FutureImpl.completeInternal(FutureImpl.java:137)
	at io.vertx.core.impl.future.FutureImpl.tryFail(FutureImpl.java:150)
	at io.vertx.core.Promise.fail(Promise.java:102)
	at io.vertx.core.Promise.complete(Promise.java:62)
	at io.vertx.sqlclient.codec.SocketConnectionBase.fire(SocketConnectionBase.java:372)
	at io.vertx.sqlclient.codec.SocketConnectionBase.handleMessage(SocketConnectionBase.java:363)
	at io.vertx.pgclient.impl.PgSocketConnection.handleMessage(PgSocketConnection.java:118)
	at io.vertx.sqlclient.codec.SocketConnectionBase.lambda$init$4(SocketConnectionBase.java:152)
	at io.vertx.core.impl.ContextBase.emit(ContextBase.java:82)
	at io.vertx.core.net.impl.StreamChannelBase$2.handle(StreamChannelBase.java:143)
	at io.vertx.core.net.impl.StreamChannelBase$1.handleMessage(StreamChannelBase.java:85)
	at io.vertx.core.internal.concurrent.InboundMessageQueue.test(InboundMessageQueue.java:86)
	at io.vertx.core.streams.impl.MessagePassingQueue.drain(MessagePassingQueue.java:228)
	at io.vertx.core.streams.impl.MessagePassingQueue.drain(MessagePassingQueue.java:210)
	at io.vertx.core.internal.concurrent.InboundMessageQueue.drainInternal(InboundMessageQueue.java:168)
	at io.vertx.core.internal.concurrent.InboundMessageQueue.drain(InboundMessageQueue.java:145)
	at io.vertx.core.internal.concurrent.InboundMessageQueue.write(InboundMessageQueue.java:132)
	at io.vertx.core.net.impl.StreamChannelBase.handleMessage(StreamChannelBase.java:284)
	at io.vertx.core.net.impl.VertxConnection.read(VertxConnection.java:300)
	at io.vertx.core.net.impl.VertxHandler.channelRead(VertxHandler.java:170)
	at io.netty.channel.AbstractChannelHandlerContext.fireChannelRead(AbstractChannelHandlerContext.java:355)
	at io.netty.channel.CombinedChannelDuplexHandler$DelegatingChannelHandlerContext.fireChannelRead(CombinedChannelDuplexHandler.java:434)
	at io.vertx.pgclient.impl.codec.PgDecoder.fireCommandResponse(PgDecoder.java:50)
	at io.vertx.pgclient.impl.codec.PgCommandMessage.handleReadyForQuery(PgCommandMessage.java:156)
	at io.vertx.pgclient.impl.codec.PgDecoder.decodeReadyForQuery(PgDecoder.java:246)
	at io.vertx.pgclient.impl.codec.PgDecoder.channelRead(PgDecoder.java:105)
	at io.netty.channel.CombinedChannelDuplexHandler.channelRead(CombinedChannelDuplexHandler.java:249)
	at io.netty.channel.AbstractChannelHandlerContext.fireChannelRead(AbstractChannelHandlerContext.java:355)
	at io.netty.channel.DefaultChannelPipeline$HeadContext.channelRead(DefaultChannelPipeline.java:1429)
	at io.netty.channel.DefaultChannelPipeline.fireChannelRead(DefaultChannelPipeline.java:918)
	at io.netty.channel.nio.AbstractNioByteChannel$NioByteUnsafe.read(AbstractNioByteChannel.java:176)
	at io.netty.channel.nio.AbstractNioChannel$AbstractNioUnsafe.handle(AbstractNioChannel.java:445)
	at io.netty.channel.nio.NioIoHandler$DefaultNioRegistration.handle(NioIoHandler.java:388)
	at io.netty.channel.nio.NioIoHandler.processSelectedKey(NioIoHandler.java:596)
	at io.netty.channel.nio.NioIoHandler.processSelectedKeysPlain(NioIoHandler.java:541)
	at io.netty.channel.nio.NioIoHandler.processSelectedKeys(NioIoHandler.java:514)
	at io.netty.channel.nio.NioIoHandler.run(NioIoHandler.java:484)
	at io.netty.channel.SingleThreadIoEventLoop.runIo(SingleThreadIoEventLoop.java:225)
	at io.netty.channel.SingleThreadIoEventLoop.run(SingleThreadIoEventLoop.java:196)
	at io.netty.util.concurrent.SingleThreadEventExecutor$5.run(SingleThreadEventExecutor.java:1195)
	at io.netty.util.internal.ThreadExecutorMap$2.run(ThreadExecutorMap.java:74)
	at io.netty.util.concurrent.FastThreadLocalRunnable.run(FastThreadLocalRunnable.java:30)
	at java.base/java.lang.Thread.run(Thread.java:1474)
2026-06-07 19:45:49,880 [vert.x-eventloop-thread-1] INFO com.javalord.vertx_stock_broker.broker.watchlist.PutWatchListDatabaseHandler - Failed to insert into watchlist: ERROR: insert or update on table "watchlist" violates foreign key constraint "watchlist_asset_fkey" (23503)
2026-06-07 19:45:49,880 [vert.x-eventloop-thread-1] ERROR io.vertx.core.impl.ContextImpl - Unhandled exception
java.lang.IllegalStateException: Response head already sent
	at io.vertx.core.http.impl.http1.Http1ServerResponse.checkHeadWritten(Http1ServerResponse.java:673)
	at io.vertx.core.http.impl.http1.Http1ServerResponse.setStatusCode(Http1ServerResponse.java:139)
	at com.javalord.vertx_stock_broker.broker.watchlist.PutWatchListDatabaseHandler.lambda$handle$1(PutWatchListDatabaseHandler.java:40)
	at io.vertx.core.Future.lambda$onComplete$1(Future.java:314)
	at io.vertx.core.impl.future.FutureImpl$ListenerArray.complete(FutureImpl.java:188)
	at io.vertx.core.impl.future.FutureBase.emitResult(FutureBase.java:94)
	at io.vertx.core.impl.future.FutureBase.emitResult(FutureBase.java:85)
	at io.vertx.core.impl.future.FutureImpl.completeInternal(FutureImpl.java:137)
	at io.vertx.core.impl.future.FutureImpl.tryFail(FutureImpl.java:150)
	at io.vertx.sqlclient.impl.QueryResultBuilder.complete(QueryResultBuilder.java:92)
	at io.vertx.sqlclient.impl.QueryResultBuilder.complete(QueryResultBuilder.java:33)
	at io.vertx.core.Completable.fail(Completable.java:50)
	at io.vertx.sqlclient.impl.pool.SqlConnectionPool.lambda$execute$11(SqlConnectionPool.java:256)
	at io.vertx.core.Future.lambda$onComplete$0(Future.java:296)
	at io.vertx.core.impl.future.FutureBase.emitResult(FutureBase.java:94)
	at io.vertx.core.impl.future.FutureBase.emitResult(FutureBase.java:85)
	at io.vertx.core.impl.future.FutureImpl.completeInternal(FutureImpl.java:137)
	at io.vertx.core.impl.future.FutureBase.emitResult(FutureBase.java:94)
	at io.vertx.core.impl.future.FutureBase.emitResult(FutureBase.java:85)
	at io.vertx.core.impl.future.FutureImpl.completeInternal(FutureImpl.java:137)
	at io.vertx.core.impl.future.FutureBase.signalComplete(FutureBase.java:104)
	at io.vertx.core.impl.future.FutureBase.emitResult(FutureBase.java:87)
	at io.vertx.core.impl.future.FailedFuture.addListener(FailedFuture.java:86)
	at io.vertx.core.impl.future.Transformation.complete(Transformation.java:44)
	at io.vertx.core.impl.future.FutureBase$EmitResultTask.run(FutureBase.java:125)
	at io.vertx.core.impl.ContextBase.execute(ContextBase.java:96)
	at io.vertx.core.impl.future.FutureBase.emitResult(FutureBase.java:83)
	at io.vertx.core.impl.future.FutureImpl.completeInternal(FutureImpl.java:137)
	at io.vertx.core.impl.future.FutureImpl.tryFail(FutureImpl.java:150)
	at io.vertx.core.Promise.fail(Promise.java:102)
	at io.vertx.core.Promise.complete(Promise.java:62)
	at io.vertx.sqlclient.codec.SocketConnectionBase.fire(SocketConnectionBase.java:372)
	at io.vertx.sqlclient.codec.SocketConnectionBase.handleMessage(SocketConnectionBase.java:363)
	at io.vertx.pgclient.impl.PgSocketConnection.handleMessage(PgSocketConnection.java:118)
	at io.vertx.sqlclient.codec.SocketConnectionBase.lambda$init$4(SocketConnectionBase.java:152)
	at io.vertx.core.impl.ContextBase.emit(ContextBase.java:82)
	at io.vertx.core.net.impl.StreamChannelBase$2.handle(StreamChannelBase.java:143)
	at io.vertx.core.net.impl.StreamChannelBase$1.handleMessage(StreamChannelBase.java:85)
	at io.vertx.core.internal.concurrent.InboundMessageQueue.test(InboundMessageQueue.java:86)
	at io.vertx.core.streams.impl.MessagePassingQueue.drain(MessagePassingQueue.java:228)
	at io.vertx.core.streams.impl.MessagePassingQueue.drain(MessagePassingQueue.java:210)
	at io.vertx.core.internal.concurrent.InboundMessageQueue.drainInternal(InboundMessageQueue.java:168)
	at io.vertx.core.internal.concurrent.InboundMessageQueue.drain(InboundMessageQueue.java:145)
	at io.vertx.core.internal.concurrent.InboundMessageQueue.write(InboundMessageQueue.java:132)
	at io.vertx.core.net.impl.StreamChannelBase.handleMessage(StreamChannelBase.java:284)
	at io.vertx.core.net.impl.VertxConnection.read(VertxConnection.java:300)
	at io.vertx.core.net.impl.VertxHandler.channelRead(VertxHandler.java:170)
	at io.netty.channel.AbstractChannelHandlerContext.fireChannelRead(AbstractChannelHandlerContext.java:355)
	at io.netty.channel.CombinedChannelDuplexHandler$DelegatingChannelHandlerContext.fireChannelRead(CombinedChannelDuplexHandler.java:434)
	at io.vertx.pgclient.impl.codec.PgDecoder.fireCommandResponse(PgDecoder.java:50)
	at io.vertx.pgclient.impl.codec.PgCommandMessage.handleReadyForQuery(PgCommandMessage.java:156)
	at io.vertx.pgclient.impl.codec.PgDecoder.decodeReadyForQuery(PgDecoder.java:246)
	at io.vertx.pgclient.impl.codec.PgDecoder.channelRead(PgDecoder.java:105)
	at io.netty.channel.CombinedChannelDuplexHandler.channelRead(CombinedChannelDuplexHandler.java:249)
	at io.netty.channel.AbstractChannelHandlerContext.fireChannelRead(AbstractChannelHandlerContext.java:355)
	at io.netty.channel.DefaultChannelPipeline$HeadContext.channelRead(DefaultChannelPipeline.java:1429)
	at io.netty.channel.DefaultChannelPipeline.fireChannelRead(DefaultChannelPipeline.java:918)
	at io.netty.channel.nio.AbstractNioByteChannel$NioByteUnsafe.read(AbstractNioByteChannel.java:176)
	at io.netty.channel.nio.AbstractNioChannel$AbstractNioUnsafe.handle(AbstractNioChannel.java:445)
	at io.netty.channel.nio.NioIoHandler$DefaultNioRegistration.handle(NioIoHandler.java:388)
	at io.netty.channel.nio.NioIoHandler.processSelectedKey(NioIoHandler.java:596)
	at io.netty.channel.nio.NioIoHandler.processSelectedKeysPlain(NioIoHandler.java:541)
	at io.netty.channel.nio.NioIoHandler.processSelectedKeys(NioIoHandler.java:514)
	at io.netty.channel.nio.NioIoHandler.run(NioIoHandler.java:484)
	at io.netty.channel.SingleThreadIoEventLoop.runIo(SingleThreadIoEventLoop.java:225)
	at io.netty.channel.SingleThreadIoEventLoop.run(SingleThreadIoEventLoop.java:196)
	at io.netty.util.concurrent.SingleThreadEventExecutor$5.run(SingleThreadEventExecutor.java:1195)
	at io.netty.util.internal.ThreadExecutorMap$2.run(ThreadExecutorMap.java:74)
	at io.netty.util.concurrent.FastThreadLocalRunnable.run(FastThreadLocalRunnable.java:30)
	at java.base/java.lang.Thread.run(Thread.java:1474)
2026-06-07 19:45:49,880 [vert.x-eventloop-thread-1] INFO com.javalord.vertx_stock_broker.broker.watchlist.PutWatchListDatabaseHandler - Failed to insert into watchlist: ERROR: insert or update on table "watchlist" violates foreign key constraint "watchlist_asset_fkey" (23503)
2026-06-07 19:45:49,880 [vert.x-eventloop-thread-1] ERROR io.vertx.core.impl.ContextImpl - Unhandled exception
java.lang.IllegalStateException: Response head already sent
	at io.vertx.core.http.impl.http1.Http1ServerResponse.checkHeadWritten(Http1ServerResponse.java:673)
	at io.vertx.core.http.impl.http1.Http1ServerResponse.setStatusCode(Http1ServerResponse.java:139)
	at com.javalord.vertx_stock_broker.broker.watchlist.PutWatchListDatabaseHandler.lambda$handle$1(PutWatchListDatabaseHandler.java:40)
	at io.vertx.core.Future.lambda$onComplete$1(Future.java:314)
	at io.vertx.core.impl.future.FutureImpl$ListenerArray.complete(FutureImpl.java:188)
	at io.vertx.core.impl.future.FutureBase.emitResult(FutureBase.java:94)
	at io.vertx.core.impl.future.FutureBase.emitResult(FutureBase.java:85)
	at io.vertx.core.impl.future.FutureImpl.completeInternal(FutureImpl.java:137)
	at io.vertx.core.impl.future.FutureImpl.tryFail(FutureImpl.java:150)
	at io.vertx.sqlclient.impl.QueryResultBuilder.complete(QueryResultBuilder.java:92)
	at io.vertx.sqlclient.impl.QueryResultBuilder.complete(QueryResultBuilder.java:33)
	at io.vertx.core.Completable.fail(Completable.java:50)
	at io.vertx.sqlclient.impl.pool.SqlConnectionPool.lambda$execute$11(SqlConnectionPool.java:256)
	at io.vertx.core.Future.lambda$onComplete$0(Future.java:296)
	at io.vertx.core.impl.future.FutureBase.emitResult(FutureBase.java:94)
	at io.vertx.core.impl.future.FutureBase.emitResult(FutureBase.java:85)
	at io.vertx.core.impl.future.FutureImpl.completeInternal(FutureImpl.java:137)
	at io.vertx.core.impl.future.FutureBase.emitResult(FutureBase.java:94)
	at io.vertx.core.impl.future.FutureBase.emitResult(FutureBase.java:85)
	at io.vertx.core.impl.future.FutureImpl.completeInternal(FutureImpl.java:137)
	at io.vertx.core.impl.future.FutureBase.signalComplete(FutureBase.java:104)
	at io.vertx.core.impl.future.FutureBase.emitResult(FutureBase.java:87)
	at io.vertx.core.impl.future.FailedFuture.addListener(FailedFuture.java:86)
	at io.vertx.core.impl.future.Transformation.complete(Transformation.java:44)
	at io.vertx.core.impl.future.FutureBase$EmitResultTask.run(FutureBase.java:125)
	at io.vertx.core.impl.ContextBase.execute(ContextBase.java:96)
	at io.vertx.core.impl.future.FutureBase.emitResult(FutureBase.java:83)
	at io.vertx.core.impl.future.FutureImpl.completeInternal(FutureImpl.java:137)
	at io.vertx.core.impl.future.FutureImpl.tryFail(FutureImpl.java:150)
	at io.vertx.core.Promise.fail(Promise.java:102)
	at io.vertx.core.Promise.complete(Promise.java:62)
	at io.vertx.sqlclient.codec.SocketConnectionBase.fire(SocketConnectionBase.java:372)
	at io.vertx.sqlclient.codec.SocketConnectionBase.handleMessage(SocketConnectionBase.java:363)
	at io.vertx.pgclient.impl.PgSocketConnection.handleMessage(PgSocketConnection.java:118)
	at io.vertx.sqlclient.codec.SocketConnectionBase.lambda$init$4(SocketConnectionBase.java:152)
	at io.vertx.core.impl.ContextBase.emit(ContextBase.java:82)
	at io.vertx.core.net.impl.StreamChannelBase$2.handle(StreamChannelBase.java:143)
	at io.vertx.core.net.impl.StreamChannelBase$1.handleMessage(StreamChannelBase.java:85)
	at io.vertx.core.internal.concurrent.InboundMessageQueue.test(InboundMessageQueue.java:86)
	at io.vertx.core.streams.impl.MessagePassingQueue.drain(MessagePassingQueue.java:228)
	at io.vertx.core.streams.impl.MessagePassingQueue.drain(MessagePassingQueue.java:210)
	at io.vertx.core.internal.concurrent.InboundMessageQueue.drainInternal(InboundMessageQueue.java:168)
	at io.vertx.core.internal.concurrent.InboundMessageQueue.drain(InboundMessageQueue.java:145)
	at io.vertx.core.internal.concurrent.InboundMessageQueue.write(InboundMessageQueue.java:132)
	at io.vertx.core.net.impl.StreamChannelBase.handleMessage(StreamChannelBase.java:284)
	at io.vertx.core.net.impl.VertxConnection.read(VertxConnection.java:300)
	at io.vertx.core.net.impl.VertxHandler.channelRead(VertxHandler.java:170)
	at io.netty.channel.AbstractChannelHandlerContext.fireChannelRead(AbstractChannelHandlerContext.java:355)
	at io.netty.channel.CombinedChannelDuplexHandler$DelegatingChannelHandlerContext.fireChannelRead(CombinedChannelDuplexHandler.java:434)
	at io.vertx.pgclient.impl.codec.PgDecoder.fireCommandResponse(PgDecoder.java:50)
	at io.vertx.pgclient.impl.codec.PgCommandMessage.handleReadyForQuery(PgCommandMessage.java:156)
	at io.vertx.pgclient.impl.codec.PgDecoder.decodeReadyForQuery(PgDecoder.java:246)
	at io.vertx.pgclient.impl.codec.PgDecoder.channelRead(PgDecoder.java:105)
	at io.netty.channel.CombinedChannelDuplexHandler.channelRead(CombinedChannelDuplexHandler.java:249)
	at io.netty.channel.AbstractChannelHandlerContext.fireChannelRead(AbstractChannelHandlerContext.java:355)
	at io.netty.channel.DefaultChannelPipeline$HeadContext.channelRead(DefaultChannelPipeline.java:1429)
	at io.netty.channel.DefaultChannelPipeline.fireChannelRead(DefaultChannelPipeline.java:918)
	at io.netty.channel.nio.AbstractNioByteChannel$NioByteUnsafe.read(AbstractNioByteChannel.java:176)
	at io.netty.channel.nio.AbstractNioChannel$AbstractNioUnsafe.handle(AbstractNioChannel.java:445)
	at io.netty.channel.nio.NioIoHandler$DefaultNioRegistration.handle(NioIoHandler.java:388)
	at io.netty.channel.nio.NioIoHandler.processSelectedKey(NioIoHandler.java:596)
	at io.netty.channel.nio.NioIoHandler.processSelectedKeysPlain(NioIoHandler.java:541)
	at io.netty.channel.nio.NioIoHandler.processSelectedKeys(NioIoHandler.java:514)
	at io.netty.channel.nio.NioIoHandler.run(NioIoHandler.java:484)
	at io.netty.channel.SingleThreadIoEventLoop.runIo(SingleThreadIoEventLoop.java:225)
	at io.netty.channel.SingleThreadIoEventLoop.run(SingleThreadIoEventLoop.java:196)
	at io.netty.util.concurrent.SingleThreadEventExecutor$5.run(SingleThreadEventExecutor.java:1195)
	at io.netty.util.internal.ThreadExecutorMap$2.run(ThreadExecutorMap.java:74)
	at io.netty.util.concurrent.FastThreadLocalRunnable.run(FastThreadLocalRunnable.java:30)
	at java.base/java.lang.Thread.run(Thread.java:1474)
2026-06-07 19:47:34,643 [vert.x-eventloop-thread-3] INFO com.javalord.vertx_stock_broker.broker.watchlist.PutWatchListDatabaseHandler - /pg/account/watchlist/6a207b88-9b68-83ea-9829-cd7f36639c95 for account 6a207b88-9b68-83ea-9829-cd7f36639c95
2026-06-07 19:47:34,726 [vert.x-eventloop-thread-3] ERROR io.vertx.core.impl.ContextImpl - Unhandled exception
java.lang.IllegalStateException: Response head already sent
	at io.vertx.core.http.impl.http1.Http1ServerResponse.checkHeadWritten(Http1ServerResponse.java:673)
	at io.vertx.core.http.impl.http1.Http1ServerResponse.setStatusCode(Http1ServerResponse.java:139)
	at com.javalord.vertx_stock_broker.broker.watchlist.PutWatchListDatabaseHandler.lambda$handle$2(PutWatchListDatabaseHandler.java:43)
	at io.vertx.core.Future.lambda$onComplete$1(Future.java:312)
	at io.vertx.core.impl.future.FutureImpl$ListenerArray.complete(FutureImpl.java:188)
	at io.vertx.core.impl.future.FutureBase.emitResult(FutureBase.java:94)
	at io.vertx.core.impl.future.FutureBase.emitResult(FutureBase.java:85)
	at io.vertx.core.impl.future.FutureImpl.completeInternal(FutureImpl.java:137)
	at io.vertx.core.impl.future.FutureImpl.tryComplete(FutureImpl.java:143)
	at io.vertx.sqlclient.impl.QueryResultBuilder.complete(QueryResultBuilder.java:89)
	at io.vertx.sqlclient.impl.QueryResultBuilder.complete(QueryResultBuilder.java:33)
	at io.vertx.core.Completable.succeed(Completable.java:31)
	at io.vertx.sqlclient.impl.pool.SqlConnectionPool.lambda$execute$11(SqlConnectionPool.java:254)
	at io.vertx.core.Future.lambda$onComplete$0(Future.java:296)
	at io.vertx.core.impl.future.FutureBase.emitResult(FutureBase.java:94)
	at io.vertx.core.impl.future.FutureBase.emitResult(FutureBase.java:85)
	at io.vertx.core.impl.future.FutureImpl.completeInternal(FutureImpl.java:137)
	at io.vertx.core.impl.future.FutureBase.emitResult(FutureBase.java:94)
	at io.vertx.core.impl.future.FutureBase.emitResult(FutureBase.java:85)
	at io.vertx.core.impl.future.FutureImpl.completeInternal(FutureImpl.java:137)
	at io.vertx.core.impl.future.FutureBase.signalComplete(FutureBase.java:104)
	at io.vertx.core.impl.future.FutureBase.emitResult(FutureBase.java:87)
	at io.vertx.core.impl.future.SucceededFuture.addListener(SucceededFuture.java:76)
	at io.vertx.core.impl.future.Transformation.complete(Transformation.java:44)
	at io.vertx.core.impl.future.FutureBase$EmitResultTask.run(FutureBase.java:125)
	at io.vertx.core.impl.ContextBase.execute(ContextBase.java:96)
	at io.vertx.core.impl.future.FutureBase.emitResult(FutureBase.java:83)
	at io.vertx.core.impl.future.FutureImpl.completeInternal(FutureImpl.java:137)
	at io.vertx.core.impl.future.FutureImpl.tryComplete(FutureImpl.java:143)
	at io.vertx.core.Promise.succeed(Promise.java:92)
	at io.vertx.core.Promise.complete(Promise.java:60)
	at io.vertx.sqlclient.codec.SocketConnectionBase.fire(SocketConnectionBase.java:372)
	at io.vertx.sqlclient.codec.SocketConnectionBase.handleMessage(SocketConnectionBase.java:363)
	at io.vertx.pgclient.impl.PgSocketConnection.handleMessage(PgSocketConnection.java:118)
	at io.vertx.sqlclient.codec.SocketConnectionBase.lambda$init$4(SocketConnectionBase.java:152)
	at io.vertx.core.impl.ContextBase.emit(ContextBase.java:82)
	at io.vertx.core.net.impl.StreamChannelBase$2.handle(StreamChannelBase.java:143)
	at io.vertx.core.net.impl.StreamChannelBase$1.handleMessage(StreamChannelBase.java:85)
	at io.vertx.core.internal.concurrent.InboundMessageQueue.test(InboundMessageQueue.java:86)
	at io.vertx.core.streams.impl.MessagePassingQueue.drain(MessagePassingQueue.java:228)
	at io.vertx.core.streams.impl.MessagePassingQueue.drain(MessagePassingQueue.java:210)
	at io.vertx.core.internal.concurrent.InboundMessageQueue.drainInternal(InboundMessageQueue.java:168)
	at io.vertx.core.internal.concurrent.InboundMessageQueue.drain(InboundMessageQueue.java:145)
	at io.vertx.core.internal.concurrent.InboundMessageQueue.write(InboundMessageQueue.java:132)
	at io.vertx.core.net.impl.StreamChannelBase.handleMessage(StreamChannelBase.java:284)
	at io.vertx.core.net.impl.VertxConnection.read(VertxConnection.java:300)
	at io.vertx.core.net.impl.VertxHandler.channelRead(VertxHandler.java:170)
	at io.netty.channel.AbstractChannelHandlerContext.fireChannelRead(AbstractChannelHandlerContext.java:355)
	at io.netty.channel.CombinedChannelDuplexHandler$DelegatingChannelHandlerContext.fireChannelRead(CombinedChannelDuplexHandler.java:434)
	at io.vertx.pgclient.impl.codec.PgDecoder.fireCommandResponse(PgDecoder.java:50)
	at io.vertx.pgclient.impl.codec.PgCommandMessage.handleReadyForQuery(PgCommandMessage.java:156)
	at io.vertx.pgclient.impl.codec.PgDecoder.decodeReadyForQuery(PgDecoder.java:246)
	at io.vertx.pgclient.impl.codec.PgDecoder.channelRead(PgDecoder.java:105)
	at io.netty.channel.CombinedChannelDuplexHandler.channelRead(CombinedChannelDuplexHandler.java:249)
	at io.netty.channel.AbstractChannelHandlerContext.fireChannelRead(AbstractChannelHandlerContext.java:355)
	at io.netty.channel.DefaultChannelPipeline$HeadContext.channelRead(DefaultChannelPipeline.java:1429)
	at io.netty.channel.DefaultChannelPipeline.fireChannelRead(DefaultChannelPipeline.java:918)
	at io.netty.channel.nio.AbstractNioByteChannel$NioByteUnsafe.read(AbstractNioByteChannel.java:176)
	at io.netty.channel.nio.AbstractNioChannel$AbstractNioUnsafe.handle(AbstractNioChannel.java:445)
	at io.netty.channel.nio.NioIoHandler$DefaultNioRegistration.handle(NioIoHandler.java:388)
	at io.netty.channel.nio.NioIoHandler.processSelectedKey(NioIoHandler.java:596)
	at io.netty.channel.nio.NioIoHandler.processSelectedKeysPlain(NioIoHandler.java:541)
	at io.netty.channel.nio.NioIoHandler.processSelectedKeys(NioIoHandler.java:514)
	at io.netty.channel.nio.NioIoHandler.run(NioIoHandler.java:484)
	at io.netty.channel.SingleThreadIoEventLoop.runIo(SingleThreadIoEventLoop.java:225)
	at io.netty.channel.SingleThreadIoEventLoop.run(SingleThreadIoEventLoop.java:196)
	at io.netty.util.concurrent.SingleThreadEventExecutor$5.run(SingleThreadEventExecutor.java:1195)
	at io.netty.util.internal.ThreadExecutorMap$2.run(ThreadExecutorMap.java:74)
	at io.netty.util.concurrent.FastThreadLocalRunnable.run(FastThreadLocalRunnable.java:30)
	at java.base/java.lang.Thread.run(Thread.java:1474)
2026-06-07 19:47:34,743 [vert.x-eventloop-thread-3] ERROR io.vertx.core.impl.ContextImpl - Unhandled exception
java.lang.IllegalStateException: Response head already sent
	at io.vertx.core.http.impl.http1.Http1ServerResponse.checkHeadWritten(Http1ServerResponse.java:673)
	at io.vertx.core.http.impl.http1.Http1ServerResponse.setStatusCode(Http1ServerResponse.java:139)
	at com.javalord.vertx_stock_broker.broker.watchlist.PutWatchListDatabaseHandler.lambda$handle$2(PutWatchListDatabaseHandler.java:43)
	at io.vertx.core.Future.lambda$onComplete$1(Future.java:312)
	at io.vertx.core.impl.future.FutureImpl$ListenerArray.complete(FutureImpl.java:188)
	at io.vertx.core.impl.future.FutureBase.emitResult(FutureBase.java:94)
	at io.vertx.core.impl.future.FutureBase.emitResult(FutureBase.java:85)
	at io.vertx.core.impl.future.FutureImpl.completeInternal(FutureImpl.java:137)
	at io.vertx.core.impl.future.FutureImpl.tryComplete(FutureImpl.java:143)
	at io.vertx.sqlclient.impl.QueryResultBuilder.complete(QueryResultBuilder.java:89)
	at io.vertx.sqlclient.impl.QueryResultBuilder.complete(QueryResultBuilder.java:33)
	at io.vertx.core.Completable.succeed(Completable.java:31)
	at io.vertx.sqlclient.impl.pool.SqlConnectionPool.lambda$execute$11(SqlConnectionPool.java:254)
	at io.vertx.core.Future.lambda$onComplete$0(Future.java:296)
	at io.vertx.core.impl.future.FutureBase.emitResult(FutureBase.java:94)
	at io.vertx.core.impl.future.FutureBase.emitResult(FutureBase.java:85)
	at io.vertx.core.impl.future.FutureImpl.completeInternal(FutureImpl.java:137)
	at io.vertx.core.impl.future.FutureBase.emitResult(FutureBase.java:94)
	at io.vertx.core.impl.future.FutureBase.emitResult(FutureBase.java:85)
	at io.vertx.core.impl.future.FutureImpl.completeInternal(FutureImpl.java:137)
	at io.vertx.core.impl.future.FutureBase.signalComplete(FutureBase.java:104)
	at io.vertx.core.impl.future.FutureBase.emitResult(FutureBase.java:87)
	at io.vertx.core.impl.future.SucceededFuture.addListener(SucceededFuture.java:76)
	at io.vertx.core.impl.future.Transformation.complete(Transformation.java:44)
	at io.vertx.core.impl.future.FutureBase$EmitResultTask.run(FutureBase.java:125)
	at io.vertx.core.impl.ContextBase.execute(ContextBase.java:96)
	at io.vertx.core.impl.future.FutureBase.emitResult(FutureBase.java:83)
	at io.vertx.core.impl.future.FutureImpl.completeInternal(FutureImpl.java:137)
	at io.vertx.core.impl.future.FutureImpl.tryComplete(FutureImpl.java:143)
	at io.vertx.core.Promise.succeed(Promise.java:92)
	at io.vertx.core.Promise.complete(Promise.java:60)
	at io.vertx.sqlclient.codec.SocketConnectionBase.fire(SocketConnectionBase.java:372)
	at io.vertx.sqlclient.codec.SocketConnectionBase.handleMessage(SocketConnectionBase.java:363)
	at io.vertx.pgclient.impl.PgSocketConnection.handleMessage(PgSocketConnection.java:118)
	at io.vertx.sqlclient.codec.SocketConnectionBase.lambda$init$4(SocketConnectionBase.java:152)
	at io.vertx.core.impl.ContextBase.emit(ContextBase.java:82)
	at io.vertx.core.net.impl.StreamChannelBase$2.handle(StreamChannelBase.java:143)
	at io.vertx.core.net.impl.StreamChannelBase$1.handleMessage(StreamChannelBase.java:85)
	at io.vertx.core.internal.concurrent.InboundMessageQueue.test(InboundMessageQueue.java:86)
	at io.vertx.core.streams.impl.MessagePassingQueue.drain(MessagePassingQueue.java:228)
	at io.vertx.core.streams.impl.MessagePassingQueue.drain(MessagePassingQueue.java:210)
	at io.vertx.core.internal.concurrent.InboundMessageQueue.drainInternal(InboundMessageQueue.java:168)
	at io.vertx.core.internal.concurrent.InboundMessageQueue.drain(InboundMessageQueue.java:145)
	at io.vertx.core.internal.concurrent.InboundMessageQueue.write(InboundMessageQueue.java:132)
	at io.vertx.core.net.impl.StreamChannelBase.handleMessage(StreamChannelBase.java:284)
	at io.vertx.core.net.impl.VertxConnection.read(VertxConnection.java:300)
	at io.vertx.core.net.impl.VertxHandler.channelRead(VertxHandler.java:170)
	at io.netty.channel.AbstractChannelHandlerContext.fireChannelRead(AbstractChannelHandlerContext.java:355)
	at io.netty.channel.CombinedChannelDuplexHandler$DelegatingChannelHandlerContext.fireChannelRead(CombinedChannelDuplexHandler.java:434)
	at io.vertx.pgclient.impl.codec.PgDecoder.fireCommandResponse(PgDecoder.java:50)
	at io.vertx.pgclient.impl.codec.PgCommandMessage.handleReadyForQuery(PgCommandMessage.java:156)
	at io.vertx.pgclient.impl.codec.PgDecoder.decodeReadyForQuery(PgDecoder.java:246)
	at io.vertx.pgclient.impl.codec.PgDecoder.channelRead(PgDecoder.java:105)
	at io.netty.channel.CombinedChannelDuplexHandler.channelRead(CombinedChannelDuplexHandler.java:249)
	at io.netty.channel.AbstractChannelHandlerContext.fireChannelRead(AbstractChannelHandlerContext.java:355)
	at io.netty.channel.DefaultChannelPipeline$HeadContext.channelRead(DefaultChannelPipeline.java:1429)
	at io.netty.channel.DefaultChannelPipeline.fireChannelRead(DefaultChannelPipeline.java:918)
	at io.netty.channel.nio.AbstractNioByteChannel$NioByteUnsafe.read(AbstractNioByteChannel.java:176)
	at io.netty.channel.nio.AbstractNioChannel$AbstractNioUnsafe.handle(AbstractNioChannel.java:445)
	at io.netty.channel.nio.NioIoHandler$DefaultNioRegistration.handle(NioIoHandler.java:388)
	at io.netty.channel.nio.NioIoHandler.processSelectedKey(NioIoHandler.java:596)
	at io.netty.channel.nio.NioIoHandler.processSelectedKeysPlain(NioIoHandler.java:541)
	at io.netty.channel.nio.NioIoHandler.processSelectedKeys(NioIoHandler.java:514)
	at io.netty.channel.nio.NioIoHandler.run(NioIoHandler.java:484)
	at io.netty.channel.SingleThreadIoEventLoop.runIo(SingleThreadIoEventLoop.java:225)
	at io.netty.channel.SingleThreadIoEventLoop.run(SingleThreadIoEventLoop.java:196)
	at io.netty.util.concurrent.SingleThreadEventExecutor$5.run(SingleThreadEventExecutor.java:1195)
	at io.netty.util.internal.ThreadExecutorMap$2.run(ThreadExecutorMap.java:74)
	at io.netty.util.concurrent.FastThreadLocalRunnable.run(FastThreadLocalRunnable.java:30)
	at java.base/java.lang.Thread.run(Thread.java:1474)
2026-06-07 19:47:34,743 [vert.x-eventloop-thread-3] ERROR io.vertx.core.impl.ContextImpl - Unhandled exception
java.lang.IllegalStateException: Response head already sent
	at io.vertx.core.http.impl.http1.Http1ServerResponse.checkHeadWritten(Http1ServerResponse.java:673)
	at io.vertx.core.http.impl.http1.Http1ServerResponse.setStatusCode(Http1ServerResponse.java:139)
	at com.javalord.vertx_stock_broker.broker.watchlist.PutWatchListDatabaseHandler.lambda$handle$2(PutWatchListDatabaseHandler.java:43)
	at io.vertx.core.Future.lambda$onComplete$1(Future.java:312)
	at io.vertx.core.impl.future.FutureImpl$ListenerArray.complete(FutureImpl.java:188)
	at io.vertx.core.impl.future.FutureBase.emitResult(FutureBase.java:94)
	at io.vertx.core.impl.future.FutureBase.emitResult(FutureBase.java:85)
	at io.vertx.core.impl.future.FutureImpl.completeInternal(FutureImpl.java:137)
	at io.vertx.core.impl.future.FutureImpl.tryComplete(FutureImpl.java:143)
	at io.vertx.sqlclient.impl.QueryResultBuilder.complete(QueryResultBuilder.java:89)
	at io.vertx.sqlclient.impl.QueryResultBuilder.complete(QueryResultBuilder.java:33)
	at io.vertx.core.Completable.succeed(Completable.java:31)
	at io.vertx.sqlclient.impl.pool.SqlConnectionPool.lambda$execute$11(SqlConnectionPool.java:254)
	at io.vertx.core.Future.lambda$onComplete$0(Future.java:296)
	at io.vertx.core.impl.future.FutureBase.emitResult(FutureBase.java:94)
	at io.vertx.core.impl.future.FutureBase.emitResult(FutureBase.java:85)
	at io.vertx.core.impl.future.FutureImpl.completeInternal(FutureImpl.java:137)
	at io.vertx.core.impl.future.FutureBase.emitResult(FutureBase.java:94)
	at io.vertx.core.impl.future.FutureBase.emitResult(FutureBase.java:85)
	at io.vertx.core.impl.future.FutureImpl.completeInternal(FutureImpl.java:137)
	at io.vertx.core.impl.future.FutureBase.signalComplete(FutureBase.java:104)
	at io.vertx.core.impl.future.FutureBase.emitResult(FutureBase.java:87)
	at io.vertx.core.impl.future.SucceededFuture.addListener(SucceededFuture.java:76)
	at io.vertx.core.impl.future.Transformation.complete(Transformation.java:44)
	at io.vertx.core.impl.future.FutureBase$EmitResultTask.run(FutureBase.java:125)
	at io.vertx.core.impl.ContextBase.execute(ContextBase.java:96)
	at io.vertx.core.impl.future.FutureBase.emitResult(FutureBase.java:83)
	at io.vertx.core.impl.future.FutureImpl.completeInternal(FutureImpl.java:137)
	at io.vertx.core.impl.future.FutureImpl.tryComplete(FutureImpl.java:143)
	at io.vertx.core.Promise.succeed(Promise.java:92)
	at io.vertx.core.Promise.complete(Promise.java:60)
	at io.vertx.sqlclient.codec.SocketConnectionBase.fire(SocketConnectionBase.java:372)
	at io.vertx.sqlclient.codec.SocketConnectionBase.handleMessage(SocketConnectionBase.java:363)
	at io.vertx.pgclient.impl.PgSocketConnection.handleMessage(PgSocketConnection.java:118)
	at io.vertx.sqlclient.codec.SocketConnectionBase.lambda$init$4(SocketConnectionBase.java:152)
	at io.vertx.core.impl.ContextBase.emit(ContextBase.java:82)
	at io.vertx.core.net.impl.StreamChannelBase$2.handle(StreamChannelBase.java:143)
	at io.vertx.core.net.impl.StreamChannelBase$1.handleMessage(StreamChannelBase.java:85)
	at io.vertx.core.internal.concurrent.InboundMessageQueue.test(InboundMessageQueue.java:86)
	at io.vertx.core.streams.impl.MessagePassingQueue.drain(MessagePassingQueue.java:228)
	at io.vertx.core.streams.impl.MessagePassingQueue.drain(MessagePassingQueue.java:210)
	at io.vertx.core.internal.concurrent.InboundMessageQueue.drainInternal(InboundMessageQueue.java:168)
	at io.vertx.core.internal.concurrent.InboundMessageQueue.drain(InboundMessageQueue.java:145)
	at io.vertx.core.internal.concurrent.InboundMessageQueue.write(InboundMessageQueue.java:132)
	at io.vertx.core.net.impl.StreamChannelBase.handleMessage(StreamChannelBase.java:284)
	at io.vertx.core.net.impl.VertxConnection.read(VertxConnection.java:300)
	at io.vertx.core.net.impl.VertxHandler.channelRead(VertxHandler.java:170)
	at io.netty.channel.AbstractChannelHandlerContext.fireChannelRead(AbstractChannelHandlerContext.java:355)
	at io.netty.channel.CombinedChannelDuplexHandler$DelegatingChannelHandlerContext.fireChannelRead(CombinedChannelDuplexHandler.java:434)
	at io.vertx.pgclient.impl.codec.PgDecoder.fireCommandResponse(PgDecoder.java:50)
	at io.vertx.pgclient.impl.codec.PgCommandMessage.handleReadyForQuery(PgCommandMessage.java:156)
	at io.vertx.pgclient.impl.codec.PgDecoder.decodeReadyForQuery(PgDecoder.java:246)
	at io.vertx.pgclient.impl.codec.PgDecoder.channelRead(PgDecoder.java:105)
	at io.netty.channel.CombinedChannelDuplexHandler.channelRead(CombinedChannelDuplexHandler.java:249)
	at io.netty.channel.AbstractChannelHandlerContext.fireChannelRead(AbstractChannelHandlerContext.java:355)
	at io.netty.channel.DefaultChannelPipeline$HeadContext.channelRead(DefaultChannelPipeline.java:1429)
	at io.netty.channel.DefaultChannelPipeline.fireChannelRead(DefaultChannelPipeline.java:918)
	at io.netty.channel.nio.AbstractNioByteChannel$NioByteUnsafe.read(AbstractNioByteChannel.java:176)
	at io.netty.channel.nio.AbstractNioChannel$AbstractNioUnsafe.handle(AbstractNioChannel.java:445)
	at io.netty.channel.nio.NioIoHandler$DefaultNioRegistration.handle(NioIoHandler.java:388)
	at io.netty.channel.nio.NioIoHandler.processSelectedKey(NioIoHandler.java:596)
	at io.netty.channel.nio.NioIoHandler.processSelectedKeysPlain(NioIoHandler.java:541)
	at io.netty.channel.nio.NioIoHandler.processSelectedKeys(NioIoHandler.java:514)
	at io.netty.channel.nio.NioIoHandler.run(NioIoHandler.java:484)
	at io.netty.channel.SingleThreadIoEventLoop.runIo(SingleThreadIoEventLoop.java:225)
	at io.netty.channel.SingleThreadIoEventLoop.run(SingleThreadIoEventLoop.java:196)
	at io.netty.util.concurrent.SingleThreadEventExecutor$5.run(SingleThreadEventExecutor.java:1195)
	at io.netty.util.internal.ThreadExecutorMap$2.run(ThreadExecutorMap.java:74)
	at io.netty.util.concurrent.FastThreadLocalRunnable.run(FastThreadLocalRunnable.java:30)
	at java.base/java.lang.Thread.run(Thread.java:1474)
